{
  "condition": "minecraft:any_of",
  "terms": [
    {
      "condition": "minecraft:entity_properties",
      "entity": "this",
      "predicate": {
        "predicates": {
          "minecraft:custom_data": {
            "fathoms": {
              "bait": "shrimp"
            }
          }
        }
      }
    },
    {
      "condition": "minecraft:entity_properties",
      "entity": "this",
      "predicate": {
        "predicates": {
          "minecraft:custom_data": {
            "fathoms": {
              "bait": "ghost_shrimp"
            }
          }
        }
      }
    }
  ]
}