{
  "type": "minecraft:fishing",
  "pools": [
    {
      "entries": [
        {
          "type": "minecraft:loot_table",
          "value": "fathoms:items/fish/aberration/wispy_cod",
          "conditions": [ { "condition": "minecraft:location_check", "predicate": { "biomes": "#fathoms:fishing/has_fish/cod" } } ]
        },
        {
          "type": "minecraft:loot_table",
          "value": "fathoms:items/fish/aberration/torn_salmon",
          "conditions": [ { "condition": "minecraft:location_check", "predicate": { "biomes": "#fathoms:fishing/has_fish/salmon" } } ]
        },
        {
          "type": "minecraft:loot_table",
          "value": "fathoms:items/fish/aberration/jesterfish",
          "conditions": [ { "condition": "minecraft:location_check", "predicate": { "biomes": "#fathoms:fishing/has_fish/tropical_fish" } } ]
        },
        {
          "type": "minecraft:loot_table",
          "value": "fathoms:items/fish/aberration/shimmerspine_pufferfish",
          "conditions": [ { "condition": "minecraft:location_check", "predicate": { "biomes": "#fathoms:fishing/has_fish/pufferfish" } } ]
        },
        {
          "type": "minecraft:loot_table",
          "value": "fathoms:items/fish/aberration/ghost_shrimp",
          "functions": [ { "function": "minecraft:set_count", "count": { "min": 2, "max": 3 } } ],
          "conditions": [ { "condition": "minecraft:location_check", "predicate": { "biomes": "#fathoms:fishing/has_fish/shrimp" } } ]
        },
        {
          "type": "minecraft:loot_table",
          "value": "fathoms:items/fish/aberration/spider_minnow",
          "functions": [ { "function": "minecraft:set_count", "count": { "min": 2, "max": 3 } } ],
          "conditions": [ { "condition": "minecraft:location_check", "predicate": { "biomes": "#fathoms:fishing/has_fish/minnow" } },
                          { "condition": "minecraft:reference", "name": "fathoms:time_check/fish/night" } ]
        },
        {
          "type": "minecraft:loot_table",
          "value": "fathoms:items/fish/aberration/ichthys",
          "conditions": [ { "condition": "minecraft:location_check", "predicate": { "biomes": "#fathoms:fishing/has_fish/angelfish" } } ]
        },
        {
          "type": "minecraft:loot_table",
          "value": "fathoms:items/fish/aberration/decomposing_koi",
          "conditions": [ { "condition": "minecraft:location_check", "predicate": { "biomes": "#fathoms:fishing/has_fish/koi" } } ]
        },
        {
          "type": "minecraft:loot_table",
          "value": "fathoms:items/fish/aberration/entombed_amberjack",
          "conditions": [ { "condition": "minecraft:location_check", "predicate": { "biomes": "#fathoms:fishing/has_fish/amberjack" } } ]
        },
        {
          "type": "minecraft:loot_table",
          "value": "fathoms:items/fish/aberration/unsightly_mass",
          "conditions": [ { "condition": "minecraft:location_check", "predicate": { "biomes": "#fathoms:fishing/has_fish/lobster" } } ]
        },
        {
          "type": "minecraft:loot_table",
          "value": "fathoms:items/fish/aberration/carcinomalocaris",
          "conditions": [ { "condition": "minecraft:location_check", "predicate": { "biomes": "#fathoms:fishing/has_fish/aberration/carcinomalocaris" } } ]
        },
        {
          "type": "minecraft:loot_table",
          "value": "fathoms:items/fish/aberration/nautilurk",
          "conditions": [ { "condition": "minecraft:location_check", "predicate": { "biomes": "#fathoms:fishing/has_fish/aberration/nautilurk" } } ]
        },
        {
          "type": "minecraft:group",
          "children": [
            {
              "type": "minecraft:loot_table",
              "value": "fathoms:items/fish/aberration/man_faced_carp",
              "conditions": [ { "condition": "minecraft:any_of", "terms": [
                              { "condition": "minecraft:location_check", "predicate": { "biomes": "#fathoms:fishing/has_fish/carp" } }, 
                              { "condition": "minecraft:inverted", "term": 
                              { "condition": "minecraft:location_check", "predicate": { "biomes": "#fathoms:fishing/has_fish" } } } ] } ]
            },
            {
              "type": "minecraft:loot_table",
              "value": "fathoms:items/fish/aberration/obsidian_catfish",
              "conditions": [ { "condition": "minecraft:location_check", "predicate": { "biomes": "#fathoms:fishing/has_fish/catfish" } } ]
            },
            {
              "type": "minecraft:loot_table",
              "value": "fathoms:items/fish/aberration/sporing_tuna",
              "conditions": [ { "condition": "minecraft:location_check", "predicate": { "biomes": "#fathoms:fishing/has_fish/tuna" } } ]
            },
            {
              "type": "minecraft:loot_table",
              "value": "fathoms:items/fish/aberration/feathered_perch",
              "conditions": [ { "condition": "minecraft:location_check", "predicate": { "biomes": "#fathoms:fishing/has_fish/perch" } } ]
            },
            {
              "type": "minecraft:loot_table",
              "value": "fathoms:items/fish/aberration/gleaming_bream",
              "conditions": [ { "condition": "minecraft:location_check", "predicate": { "biomes": "#fathoms:fishing/has_fish/bream" } },
                              { "condition": "minecraft:reference", "name": "fathoms:time_check/fish/night" } ]
            },
            {
              "type": "minecraft:loot_table",
              "value": "fathoms:items/fish/aberration/scarred_gar",
              "conditions": [ { "condition": "minecraft:location_check", "predicate": { "biomes": "#fathoms:fishing/has_fish/gar" } } ]
            },
            {
              "type": "minecraft:loot_table",
              "value": "fathoms:items/fish/aberration/charred_char",
              "conditions": [ { "condition": "minecraft:location_check", "predicate": { "biomes": "#fathoms:fishing/has_fish/char" } } ]
            },
            {
              "type": "minecraft:loot_table",
              "value": "fathoms:items/fish/aberration/crystal_halibut",
              "conditions": [ { "condition": "minecraft:location_check", "predicate": { "biomes": "#fathoms:fishing/has_fish/halibut" } } ]
            },
            {
              "type": "minecraft:loot_table",
              "value": "fathoms:items/fish/aberration/tanglerfish",
              "conditions": [ { "condition": "minecraft:location_check", "predicate": { "biomes": "#fathoms:fishing/has_fish/anglerfish" } },
                              { "condition": "minecraft:any_of", "terms": [ 
                              { "condition": "minecraft:random_chance", "chance": 0.1 }, 
                              { "condition": "minecraft:reference", "name": "fathoms:time_check/fish/night" } ] } ]
            }
          ],
          "conditions": [
            {
              "condition": "minecraft:reference",
              "name": "fathoms:time_check/fish/solstice"
            }
          ]
        },
        {
          "type": "minecraft:group",
          "children": [
            {
              "type": "minecraft:loot_table",
              "value": "fathoms:items/fish/aberration/bottomless_bass",
              "conditions": [ { "condition": "minecraft:any_of", "terms": [
                              { "condition": "minecraft:location_check", "predicate": { "biomes": "#fathoms:fishing/has_fish/bass" } }, 
                              { "condition": "minecraft:inverted", "term": 
                              { "condition": "minecraft:location_check", "predicate": { "biomes": "#fathoms:fishing/has_fish" } } } ] } ]
            },
            {
              "type": "minecraft:loot_table",
              "value": "fathoms:items/fish/aberration/mouthful_trout",
              "conditions": [ { "condition": "minecraft:location_check", "predicate": { "biomes": "#fathoms:fishing/has_fish/trout" } } ]
            },
            {
              "type": "minecraft:loot_table",
              "value": "fathoms:items/fish/aberration/eyeballer_jones",
              "conditions": [ { "condition": "minecraft:location_check", "predicate": { "biomes": "#fathoms:fishing/has_fish/red_snapper" } } ]
            },
            {
              "type": "minecraft:loot_table",
              "value": "fathoms:items/fish/aberration/gnashing_pike",
              "conditions": [ { "condition": "minecraft:location_check", "predicate": { "biomes": "#fathoms:fishing/has_fish/pike" } } ]
            },
            {
              "type": "minecraft:loot_table",
              "value": "fathoms:items/fish/aberration/lobotom_eye",
              "conditions": [ { "condition": "minecraft:location_check", "predicate": { "biomes": "#fathoms:fishing/has_fish/walleye" } },
                              { "condition": "minecraft:reference", "name": "fathoms:time_check/fish/night" } ]
            },
            {
              "type": "minecraft:loot_table",
              "value": "fathoms:items/fish/aberration/flayed_arapaima",
              "conditions": [ { "condition": "minecraft:location_check", "predicate": { "biomes": "#fathoms:fishing/has_fish/arapaima" } } ]
            },
            {
              "type": "minecraft:loot_table",
              "value": "fathoms:items/fish/aberration/floundry",
              "conditions": [ { "condition": "minecraft:location_check", "predicate": { "biomes": "#fathoms:fishing/has_fish/flounder" } } ]
            },
            {
              "type": "minecraft:loot_table",
              "value": "fathoms:items/fish/aberration/radiant_tilapia",
              "conditions": [ { "condition": "minecraft:location_check", "predicate": { "biomes": "#fathoms:fishing/has_fish/tilapia" } } ]
            },
            {
              "type": "minecraft:loot_table",
              "value": "fathoms:items/fish/aberration/volt_eel",
              "conditions": [ { "condition": "minecraft:location_check", "predicate": { "biomes": "#fathoms:fishing/has_fish/eel" } },
                              { "condition": "minecraft:any_of", "terms": [ 
                              { "condition": "minecraft:random_chance", "chance": 0.1 }, 
                              { "condition": "minecraft:reference", "name": "fathoms:time_check/fish/night" } ] } ]
            }
          ],
          "conditions": [
            {
              "condition": "minecraft:reference",
              "name": "fathoms:time_check/fish/eclipse"
            }
          ]
        },
        {
          "type": "minecraft:loot_table",
          "value": "fathoms:items/fish/aberration/decomposing_koi",
          "conditions": [ { "condition": "minecraft:location_check", "predicate": { "biomes": "#fathoms:fishing/has_fish/koi" } } ]
        },
        {
          "type": "minecraft:loot_table",
          "value": "fathoms:items/fish/aberration/bronzejaw_swordfish",
          "conditions": [ { "condition": "minecraft:location_check", "predicate": { "biomes": "#fathoms:fishing/has_fish/swordfish" } },
                          { "condition": "minecraft:value_check", "value": { "type": "minecraft:score", "target": { "type": "minecraft:fixed", "name": "#server_version" }, "score": "tcc.dummy" }, "range": { "min": 1 } } ]
        }
      ],
      "rolls": 1
    }
  ],
  "random_sequence": "fathoms:gameplay/fishing/aberration"
}