[
  {
    "function": "minecraft:set_custom_model_data",
    "strings": {
      "values": [
        "default",
        "default",
        "default"
      ],
      "mode": "replace_section",
      "offset": 0,
      "size": 3
    }
  },
  {
    "function": "minecraft:set_custom_model_data",
    "strings": {
      "values": [
        "hurt"
      ],
      "mode": "replace_section",
      "offset": 0
    },
    "conditions": [
      {
        "condition": "minecraft:reference",
        "name": "thallium:entity_properties/hurt/true"
      }
    ]
  },
  {
    "function": "minecraft:set_custom_model_data",
    "strings": {
      "values": [
        "walking"
      ],
      "mode": "replace_section",
      "offset": 1
    },
    "conditions": [
      {
        "condition": "minecraft:reference",
        "name": "thallium:entity_properties/walking"
      }
    ]
  },
  {
    "function": "minecraft:set_custom_model_data",
    "strings": {
      "values": [
        "targeting"
      ],
      "mode": "replace_section",
      "offset": 2
    },
    "conditions": [
      {
        "condition": "minecraft:all_of",
        "terms": [
          {
            "condition": "minecraft:reference",
            "name": "thallium:entity_properties/has_target"
          },
          {
            "condition": "minecraft:reference",
            "name": "thallium:entity_properties/walking"
          }
        ]
      }
    ]
  }
]