{
  "condition": "minecraft:any_of",
  "terms": [
    {
      "condition": "minecraft:all_of",
      "terms": [
        {
          "condition": "minecraft:time_check",
          "value": {
            "min": 0,
            "max": 96000
          },
          "period": 192000
        },
        {
          "condition": "minecraft:reference",
          "name": "fathoms:entity_properties/fishing_bobber/bait/invert_set"
        }
      ]
    },
    {
      "condition": "minecraft:all_of",
      "terms": [
        {
          "condition": "minecraft:time_check",
          "value": {
            "min": 96000,
            "max": 192000
          },
          "period": 192000
        },
        {
          "condition": "minecraft:inverted",
          "term": {
            "condition": "minecraft:reference",
            "name": "fathoms:entity_properties/fishing_bobber/bait/invert_set"
          }
        }
      ]
    }
  ]
}