{
  "condition": "minecraft:any_of",
  "terms": [
    {
      "condition": "minecraft:reference",
      "name": "thallium:time_check/night"
    },
    {
      "condition": "minecraft:entity_properties",
      "entity": "this",
      "predicate": {
        "predicates": {
          "minecraft:custom_data": {
            "fathoms": {
              "bait": "minnow"
            }
          }
        }
      }
    },
    {
      "condition": "minecraft:entity_properties",
      "entity": "this",
      "predicate": {
        "predicates": {
          "minecraft:custom_data": {
            "fathoms": {
              "bait": "spider_minnow"
            }
          }
        }
      }
    }
  ]
}