{
  "carvers": [],
  "downfall": 0.5,
  "effects": {
    "fog_color": 9141365,
    "mood_sound": {
      "block_search_extent": 8,
      "offset": 2,
      "sound": "minecraft:ambient.cave",
      "tick_delay": 6000
    },
    "music": [
      {
        "data": {
          "max_delay": 24000,
          "min_delay": 12000,
          "replace_current_music": false,
          "sound": "minecraft:music.overworld.deep_dark"
        },
        "weight": 1
      }
    ],
    "music_volume": 0,
    "sky_color": 6837838,
    "water_color": 7628124,
    "water_fog_color": 328708
  },
  "features": [],
  "has_precipitation": true,
  "spawn_costs": {},
  "spawners": {
    "ambient": [],
    "axolotls": [],
    "creature": [],
    "misc": [],
    "monster": [],
    "water_ambient": [],
    "water_creature": []
  },
  "temperature": 0.5
}