{
  "carvers": [],
  "downfall": 0.5,
  "effects": {
    "fog_color": 8622772,
    "ambient_sound": {
      "sound_id": "fathoms:ambient.rocky_waters.loop",
      "range": 1
    },
    "mood_sound": {
      "block_search_extent": 8,
      "offset": 2,
      "sound": "minecraft:ambient.cave",
      "tick_delay": 6000
    },
    "music": [],
    "music_volume": 0,
    "sky_color": 5201527,
    "water_color": 5269622,
    "water_fog_color": 1185563
  },
  "features": [],
  "has_precipitation": true,
  "spawn_costs": {},
  "spawners": {
    "ambient": [
      {
        "type": "minecraft:bat",
        "maxCount": 8,
        "minCount": 8,
        "weight": 10
      }
    ],
    "axolotls": [],
    "creature": [],
    "misc": [],
    "monster": [
      {
        "type": "minecraft:drowned",
        "maxCount": 1,
        "minCount": 1,
        "weight": 1
      }
    ],
    "water_ambient": [],
    "water_creature": []
  },
  "temperature": 0.5
}