{
  "type": "minecraft:crafting_shaped",
  "category": "equipment",
  "key": {
    "b": "minecraft:bamboo",
    "s": "minecraft:string"
  },
  "pattern": [
    "  b",
    " bs",
    "b s"
  ],
  "result": {
    "id": "minecraft:fishing_rod",
    "components": {
      "minecraft:item_name": {
        "translate": "item.fathoms.bamboo_fishing_rod"
      },
      "minecraft:lore": [
        [
          {
            "text": "0 ",
            "color": "white",
            "font": "fathoms:icon",
            "italic": false
          },
          {
            "translate": "ui.fathoms.title",
            "color": "white",
            "font": "fathoms:tooltip",
            "italic": false
          }
        ]
      ],
      "minecraft:custom_data": {
        "fathoms": {
          "id": "bamboo_fishing_rod"
        },
        "smithed": {
          "ignore": {
            "functionality": 1,
            "crafting": 1
          }
        }
      },
      "minecraft:item_model": "fathoms:bamboo_fishing_rod",
      "minecraft:tooltip_style": "fathoms:fathoms",
      "minecraft:rarity": "common",
      "minecraft:max_damage": 128
    }
  }
}