{
  "type": "minecraft:crafting_shaped",
  "pattern": [
    "bbb",
    "ssb",
    "ssb"
  ],
  "key": {
    "s": [
      "minecraft:nautilus_shell"
    ],
    "b": [
      "minecraft:glow_ink_sac"
    ]
  },
  "result": {
    "id": "minecraft:furnace",
    "components": {
      "minecraft:item_name": {
        "translate": "item.fathoms.nautilus_siphon"
      },
      "minecraft:lore": [
        [
          {
            "text": "0 ",
            "color": "white",
            "font": "fathoms:icon",
            "italic": false
          },
          {
            "translate": "ui.fathoms.title",
            "color": "white",
            "font": "fathoms:tooltip",
            "italic": false
          }
        ]
      ],
      "minecraft:custom_data": {
        "fathoms": {
          "id": "nautilus_siphon"
        },
        "smithed": {
          "ignore": {
            "functionality": true,
            "crafting": true
          }
        }
      },
      "minecraft:item_model": "fathoms:nautilus_siphon",
      "minecraft:tooltip_style": "fathoms:fathoms",
      "minecraft:rarity": "common",
      "!minecraft:consumable": {},
      "minecraft:container": [
        {
          "slot": 0,
          "item": {
            "id": "minecraft:stone",
            "components": {
              "minecraft:custom_data": {
                "thallium": {
                  "block": {
                    "id": "nautilus_siphon"
                  }
                }
              }
            }
          }
        }
      ],
      "minecraft:tooltip_display": {
        "hidden_components": [
          "minecraft:container"
        ]
      }
    }
  }
}