{
  "fallback": "minecraft:empty",
  "elements": [
    {
      "weight": 1,
      "element": {
        "element_type": "minecraft:single_pool_element",
        "projection": "rigid",
        "location": "fathoms:oasis/oasis/lower1",
        "override_liquid_settings": "ignore_waterlogging",
        "processors": "minecraft:empty"
      }
    },
    {
      "weight": 1,
      "element": {
        "element_type": "minecraft:single_pool_element",
        "projection": "rigid",
        "location": "fathoms:oasis/oasis/lower2",
        "override_liquid_settings": "ignore_waterlogging",
        "processors": "minecraft:empty"
      }
    },
    {
      "weight": 1,
      "element": {
        "element_type": "minecraft:single_pool_element",
        "projection": "rigid",
        "location": "fathoms:oasis/oasis/lower3",
        "override_liquid_settings": "ignore_waterlogging",
        "processors": "minecraft:empty"
      }
    },
    {
      "weight": 1,
      "element": {
        "element_type": "minecraft:single_pool_element",
        "projection": "rigid",
        "location": "fathoms:oasis/oasis/lower4",
        "override_liquid_settings": "ignore_waterlogging",
        "processors": "minecraft:empty"
      }
    }
  ]
}