{
  "fallback": "minecraft:empty",
  "elements": [
    {
      "weight": 1,
      "element": {
        "element_type": "minecraft:single_pool_element",
        "projection": "rigid",
        "location": "fathoms:oasis/oasis/tree1",
        "override_liquid_settings": "ignore_waterlogging",
        "processors": "minecraft:empty"
      }
    },
    {
      "weight": 1,
      "element": {
        "element_type": "minecraft:single_pool_element",
        "projection": "rigid",
        "location": "fathoms:oasis/oasis/tree2",
        "override_liquid_settings": "ignore_waterlogging",
        "processors": "minecraft:empty"
      }
    },
    {
      "weight": 1,
      "element": {
        "element_type": "minecraft:single_pool_element",
        "projection": "rigid",
        "location": "fathoms:oasis/oasis/tree3",
        "override_liquid_settings": "ignore_waterlogging",
        "processors": "minecraft:empty"
      }
    },
    {
      "weight": 1,
      "element": {
        "element_type": "minecraft:single_pool_element",
        "projection": "rigid",
        "location": "fathoms:oasis/oasis/tree4",
        "override_liquid_settings": "ignore_waterlogging",
        "processors": "minecraft:empty"
      }
    },
    {
      "weight": 1,
      "element": {
        "element_type": "minecraft:single_pool_element",
        "projection": "rigid",
        "location": "fathoms:oasis/oasis/tree5",
        "override_liquid_settings": "ignore_waterlogging",
        "processors": "minecraft:empty"
      }
    },
    {
      "weight": 1,
      "element": {
        "element_type": "minecraft:single_pool_element",
        "projection": "rigid",
        "location": "fathoms:oasis/oasis/tree6",
        "override_liquid_settings": "ignore_waterlogging",
        "processors": "minecraft:empty"
      }
    },
    {
      "weight": 1,
      "element": {
        "element_type": "minecraft:single_pool_element",
        "projection": "rigid",
        "location": "fathoms:oasis/oasis/tree7",
        "override_liquid_settings": "ignore_waterlogging",
        "processors": "minecraft:empty"
      }
    },
    {
      "weight": 1,
      "element": {
        "element_type": "minecraft:single_pool_element",
        "projection": "rigid",
        "location": "fathoms:oasis/oasis/tree8",
        "override_liquid_settings": "ignore_waterlogging",
        "processors": "minecraft:empty"
      }
    }
  ]
}