{
  "type": "minecraft:entity",
  "pools": [
    {
      "bonus_rolls": 0,
      "entries": [
        {
          "type": "minecraft:item",
          "functions": [
            {
              "add": false,
              "count": {
                "type": "minecraft:uniform",
                "max": 6,
                "min": 2
              },
              "function": "minecraft:set_count"
            }
          ],
          "name": "minecraft:kelp",
          "conditions": [
            {
              "condition": "minecraft:entity_properties",
              "entity": "this",
              "predicate": {
                "predicates": {
                  "minecraft:custom_data": {
                    "fathoms": {
                      "dried": false
                    }
                  }
                }
              }
            }
          ]
        },
        {
          "type": "minecraft:item",
          "name": "minecraft:dried_kelp",
          "functions": [
            {
              "function": "minecraft:set_count",
              "count": {
                "min": 2,
                "max": 6
              }
            }
          ],
          "conditions": [
            {
              "condition": "minecraft:entity_properties",
              "entity": "this",
              "predicate": {
                "predicates": {
                  "minecraft:custom_data": {
                    "fathoms": {
                      "dried": true
                    }
                  }
                }
              }
            }
          ]
        }
      ],
      "rolls": 1
    },
    {
      "rolls": 1,
      "entries": [
        {
          "type": "minecraft:item",
          "name": "minecraft:poisonous_potato",
          "functions": [
            {
              "function": "minecraft:set_custom_data",
              "tag": {
                "thallium": {
                  "death": {
                    "id": "kelpie",
                    "sound": "fathoms:entity.kelpie.death",
                    "sound_category": "neutral",
                    "function": "empty"
                  }
                }
              }
            },
            {
              "function": "minecraft:set_components",
              "components": {
                "minecraft:item_model": "thallium:empty"
              }
            }
          ],
          "conditions": [
            {
              "condition": "minecraft:killed_by_player"
            },
            {
              "condition": "minecraft:inverted",
              "term": {
                "condition": "minecraft:entity_properties",
                "entity": "this",
                "predicate": {
                  "type": "minecraft:wolf"
                }
              }
            },
            {
              "condition": "minecraft:entity_properties",
              "entity": "this",
              "predicate": {
                "predicates": {
                  "minecraft:custom_data": {
                    "fathoms": {
                      "dried": false
                    }
                  }
                }
              }
            }
          ]
        },
        {
          "type": "minecraft:item",
          "name": "minecraft:poisonous_potato",
          "functions": [
            {
              "function": "minecraft:set_custom_data",
              "tag": {
                "thallium": {
                  "death": {
                    "id": "kelpie",
                    "sound": "fathoms:entity.kelpie.dried.death",
                    "sound_category": "neutral",
                    "function": "empty"
                  }
                }
              }
            },
            {
              "function": "minecraft:set_components",
              "components": {
                "minecraft:item_model": "thallium:empty"
              }
            }
          ],
          "conditions": [
            {
              "condition": "minecraft:killed_by_player"
            },
            {
              "condition": "minecraft:inverted",
              "term": {
                "condition": "minecraft:entity_properties",
                "entity": "this",
                "predicate": {
                  "type": "minecraft:wolf"
                }
              }
            },
            {
              "condition": "minecraft:entity_properties",
              "entity": "this",
              "predicate": {
                "predicates": {
                  "minecraft:custom_data": {
                    "fathoms": {
                      "dried": true
                    }
                  }
                }
              }
            }
          ]
        }
      ]
    }
  ]
}