{
  "type": "minecraft:fishing",
  "pools": [
    {
      "entries": [
        {
          "type": "minecraft:item",
          "name": "minecraft:cod",
          "weight": 30,
          "conditions": [ { "condition": "minecraft:location_check", "predicate": { "biomes": "#fathoms:fishing/has_fish/cod" } } ]
        },
        {
          "type": "minecraft:item",
          "name": "minecraft:salmon",
          "weight": 30,
          "conditions": [ { "condition": "minecraft:location_check", "predicate": { "biomes": "#fathoms:fishing/has_fish/salmon" } } ]
        },
        {
          "type": "minecraft:item",
          "name": "minecraft:tropical_fish",
          "weight": 2,
          "conditions": [ { "condition": "minecraft:location_check", "predicate": { "biomes": "#fathoms:fishing/has_fish/tropical_fish" } } ]
        },
        {
          "type": "minecraft:item",
          "name": "minecraft:pufferfish",
          "weight": 10,
          "conditions": [ { "condition": "minecraft:location_check", "predicate": { "biomes": "#fathoms:fishing/has_fish/pufferfish" } } ]
        },
        {
          "type": "minecraft:loot_table",
          "value": "fathoms:items/fish/shrimp",
          "weight": 10,
          "functions": [ { "function": "minecraft:set_count", "count": { "min": 2, "max": 4 } } ],
          "conditions": [ { "condition": "minecraft:location_check", "predicate": { "biomes": "#fathoms:fishing/has_fish/shrimp" } } ]
        },
        {
          "type": "minecraft:loot_table",
          "value": "fathoms:items/fish/minnow",
          "weight": 10,
          "functions": [ { "function": "minecraft:set_count", "count": { "min": 2, "max": 4 } } ],
          "conditions": [ { "condition": "minecraft:location_check", "predicate": { "biomes": "#fathoms:fishing/has_fish/minnow" } },
                          { "condition": "minecraft:reference", "name": "fathoms:time_check/fish/night" } ]
        },
        {
          "type": "minecraft:loot_table",
          "value": "fathoms:items/fish/angelfish",
          "weight": 5,
          "conditions": [ { "condition": "minecraft:location_check", "predicate": { "biomes": "#fathoms:fishing/has_fish/angelfish" } } ]
        },
        {
          "type": "minecraft:loot_table",
          "value": "fathoms:items/fish/koi",
          "weight": 30,
          "conditions": [ { "condition": "minecraft:location_check", "predicate": { "biomes": "#fathoms:fishing/has_fish/koi" } } ]
        },
        {
          "type": "minecraft:loot_table",
          "value": "fathoms:items/fish/amberjack",
          "weight": 5,
          "conditions": [ { "condition": "minecraft:location_check", "predicate": { "biomes": "#fathoms:fishing/has_fish/amberjack" } } ]
        },
        {
          "type": "minecraft:loot_table",
          "value": "fathoms:items/fish/lobster",
          "weight": 15,
          "conditions": [ { "condition": "minecraft:location_check", "predicate": { "biomes": "#fathoms:fishing/has_fish/lobster" } } ]
        },
        {
          "type": "minecraft:loot_table",
          "value": "fathoms:items/fish/blue_lobster",
          "quality": 3,
          "weight": 15,
          "conditions": [ { "condition": "minecraft:location_check", "predicate": { "biomes": "#fathoms:fishing/has_fish/lobster" } },
                          { "condition": "minecraft:random_chance", "chance": 0.0075 } ]
        },
        {
          "type": "minecraft:loot_table",
          "value": "fathoms:items/fish/pupfish",
          "weight": 30,
          "conditions": [ { "condition": "minecraft:location_check", "predicate": { "biomes": "#fathoms:fishing/has_fish/pupfish" } } ]
        },
        {
          "type": "minecraft:loot_table",
          "value": "fathoms:items/fish/tripodfish",
          "weight": 30,
          "conditions": [ { "condition": "minecraft:location_check", "predicate": { "biomes": "#fathoms:fishing/has_fish/tripodfish" } } ]
        },
        {
          "type": "minecraft:group",
          "children": [
            {
              "type": "minecraft:loot_table",
              "value": "fathoms:items/fish/carp",
              "weight": 30,
              "conditions": [ { "condition": "minecraft:any_of", "terms": [
                              { "condition": "minecraft:location_check", "predicate": { "biomes": "#fathoms:fishing/has_fish/carp" } }, 
                              { "condition": "minecraft:inverted", "term": 
                              { "condition": "minecraft:location_check", "predicate": { "biomes": "#fathoms:fishing/has_fish" } } } ] } ]
            },
            {
              "type": "minecraft:loot_table",
              "value": "fathoms:items/fish/catfish",
              "weight": 20,
              "conditions": [ { "condition": "minecraft:location_check", "predicate": { "biomes": "#fathoms:fishing/has_fish/catfish" } } ]
            },
            {
              "type": "minecraft:loot_table",
              "value": "fathoms:items/fish/tuna",
              "weight": 30,
              "conditions": [ { "condition": "minecraft:location_check", "predicate": { "biomes": "#fathoms:fishing/has_fish/tuna" } } ]
            },
            {
              "type": "minecraft:loot_table",
              "value": "fathoms:items/fish/perch",
              "weight": 20,
              "conditions": [ { "condition": "minecraft:location_check", "predicate": { "biomes": "#fathoms:fishing/has_fish/perch" } } ]
            },
            {
              "type": "minecraft:loot_table",
              "value": "fathoms:items/fish/bream",
              "weight": 30,
              "conditions": [ { "condition": "minecraft:location_check", "predicate": { "biomes": "#fathoms:fishing/has_fish/bream" } },
                              { "condition": "minecraft:reference", "name": "fathoms:time_check/fish/night" } ]
            },
            {
              "type": "minecraft:loot_table",
              "value": "fathoms:items/fish/gar",
              "weight": 10,
              "conditions": [ { "condition": "minecraft:location_check", "predicate": { "biomes": "#fathoms:fishing/has_fish/gar" } } ]
            },
            {
              "type": "minecraft:loot_table",
              "value": "fathoms:items/fish/char",
              "weight": 20,
              "conditions": [ { "condition": "minecraft:location_check", "predicate": { "biomes": "#fathoms:fishing/has_fish/char" } } ]
            },
            {
              "type": "minecraft:loot_table",
              "value": "fathoms:items/fish/halibut",
              "weight": 20,
              "conditions": [ { "condition": "minecraft:location_check", "predicate": { "biomes": "#fathoms:fishing/has_fish/halibut" } } ]
            },
            {
              "type": "minecraft:loot_table",
              "value": "fathoms:items/fish/anglerfish",
              "weight": 10,
              "conditions": [ { "condition": "minecraft:location_check", "predicate": { "biomes": "#fathoms:fishing/has_fish/anglerfish" } },
                              { "condition": "minecraft:any_of", "terms": [ 
                              { "condition": "minecraft:random_chance", "chance": 0.25 }, 
                              { "condition": "minecraft:reference", "name": "fathoms:time_check/fish/night" } ] } ]
            }
          ],
          "conditions": [
            {
              "condition": "minecraft:reference",
              "name": "fathoms:time_check/fish/solstice"
            }
          ]
        },
        {
          "type": "minecraft:group",
          "children": [
            {
              "type": "minecraft:loot_table",
              "value": "fathoms:items/fish/bass",
              "weight": 30,
              "conditions": [ { "condition": "minecraft:any_of", "terms": [
                              { "condition": "minecraft:location_check", "predicate": { "biomes": "#fathoms:fishing/has_fish/bass" } }, 
                              { "condition": "minecraft:inverted", "term": 
                              { "condition": "minecraft:location_check", "predicate": { "biomes": "#fathoms:fishing/has_fish" } } } ] } ]
            },
            {
              "type": "minecraft:loot_table",
              "value": "fathoms:items/fish/trout",
              "weight": 20,
              "conditions": [ { "condition": "minecraft:location_check", "predicate": { "biomes": "#fathoms:fishing/has_fish/trout" } } ]
            },
            {
              "type": "minecraft:loot_table",
              "value": "fathoms:items/fish/red_snapper",
              "weight": 30,
              "conditions": [ { "condition": "minecraft:location_check", "predicate": { "biomes": "#fathoms:fishing/has_fish/red_snapper" } } ]
            },
            {
              "type": "minecraft:loot_table",
              "value": "fathoms:items/fish/pike",
              "weight": 20,
              "conditions": [ { "condition": "minecraft:location_check", "predicate": { "biomes": "#fathoms:fishing/has_fish/pike" } } ]
            },
            {
              "type": "minecraft:loot_table",
              "value": "fathoms:items/fish/walleye",
              "weight": 30,
              "conditions": [ { "condition": "minecraft:location_check", "predicate": { "biomes": "#fathoms:fishing/has_fish/walleye" } },
                              { "condition": "minecraft:reference", "name": "fathoms:time_check/fish/night" } ]
            },
            {
              "type": "minecraft:loot_table",
              "value": "fathoms:items/fish/arapaima",
              "weight": 10,
              "conditions": [ { "condition": "minecraft:location_check", "predicate": { "biomes": "#fathoms:fishing/has_fish/arapaima" } } ]
            },
            {
              "type": "minecraft:loot_table",
              "value": "fathoms:items/fish/flounder",
              "weight": 20,
              "conditions": [ { "condition": "minecraft:location_check", "predicate": { "biomes": "#fathoms:fishing/has_fish/flounder" } } ]
            },
            {
              "type": "minecraft:loot_table",
              "value": "fathoms:items/fish/tilapia",
              "weight": 20,
              "conditions": [ { "condition": "minecraft:location_check", "predicate": { "biomes": "#fathoms:fishing/has_fish/tilapia" } } ]
            },
            {
              "type": "minecraft:loot_table",
              "value": "fathoms:items/fish/eel",
              "weight": 10,
              "conditions": [ { "condition": "minecraft:location_check", "predicate": { "biomes": "#fathoms:fishing/has_fish/eel" } },
                              { "condition": "minecraft:any_of", "terms": [ 
                              { "condition": "minecraft:random_chance", "chance": 0.25 }, 
                              { "condition": "minecraft:reference", "name": "fathoms:time_check/fish/night" } ] } ]
            }
          ],
          "conditions": [
            {
              "condition": "minecraft:reference",
              "name": "fathoms:time_check/fish/eclipse"
            }
          ]
        },
        {
          "type": "minecraft:loot_table",
          "value": "tcc:items/swordfish",
          "weight": 2,
          "conditions": [ { "condition": "minecraft:location_check", "predicate": { "biomes": "#fathoms:fishing/has_fish/swordfish" } },
                          { "condition": "minecraft:value_check", "value": { "type": "minecraft:score", "target": { "type": "minecraft:fixed", "name": "#server_version" }, "score": "tcc.dummy" }, "range": { "min": 1 } } ]
        }
      ],
      "rolls": 1
    }
  ],
  "random_sequence": "minecraft:gameplay/fishing/fish",
  "__smithed__": [
    {
      "type": "replace",
      "target": "pools[0].entries",
      "source": {
        "type": "reference",
        "value": "[]"
      },
      "priority": {
        "stage": "early"
      }
    },
    {
      "type": "append",
      "target": "pools[0].entries",
      "source": {
        "type": "reference",
        "path": "pools[0].entries"
      },
      "priority": {
        "stage": "standard"
      }
    }
  ]
}