{
  "type": "minecraft:fishing",
  "pools": [
    {
      "rolls": 1,
      "bonus_rolls": 0,
      "entries": [
        {
          "type": "minecraft:item",
          "name": "minecraft:lily_pad",
          "weight": 3,
          "conditions": [
            {
              "condition": "minecraft:location_check",
              "predicate": {
                "biomes": [
                  "minecraft:swamp",
                  "minecraft:mangrove_swamp"
                ]
              }
            }
          ]
        },
        {
          "type": "minecraft:item",
          "name": "minecraft:leather",
          "weight": 3
        },
        {
          "type": "minecraft:item",
          "name": "minecraft:bone",
          "weight": 2
        },
        {
          "type": "minecraft:item",
          "name": "minecraft:string",
          "weight": 3
        },
        {
          "type": "minecraft:item",
          "name": "minecraft:ink_sac",
          "weight": 2
        },
        {
          "type": "minecraft:item",
          "name": "minecraft:rotten_flesh",
          "weight": 2
        },
        {
          "type": "minecraft:item",
          "name": "minecraft:bamboo",
          "weight": 2,
          "conditions": [
            {
              "condition": "minecraft:location_check",
              "predicate": {
                "biomes": [
                  "minecraft:jungle",
                  "minecraft:sparse_jungle",
                  "minecraft:bamboo_jungle"
                ]
              }
            }
          ]
        }
      ]
    }
  ],
  "random_sequence": "minecraft:gameplay/fishing/junk",
  "__smithed__": [
    {
      "type": "replace",
      "target": "pools[0].entries",
      "source": {
        "type": "reference",
        "value": "[]"
      },
      "priority": {
        "stage": "early"
      }
    },
    {
      "type": "append",
      "target": "pools[0].entries",
      "source": {
        "type": "reference",
        "path": "pools[0].entries"
      },
      "priority": {
        "stage": "standard"
      }
    }
  ]
}