{
  "type": "minecraft:fishing",
  "pools": [
    {
      "rolls": 1,
      "bonus_rolls": 0,
      "entries": [
        {
          "type": "minecraft:item",
          "weight": 12,
          "name": "minecraft:nautilus_shell"
        },
        {
          "type": "minecraft:item",
          "weight": 6,
          "name": "minecraft:name_tag"
        },
        {
          "type": "minecraft:item",
          "weight": 2,
          "name": "minecraft:book",
          "functions": [
            {
              "function": "minecraft:enchant_with_levels",
              "levels": {
                "type": "minecraft:uniform",
                "min": 10,
                "max": 20
              },
              "options": "#minecraft:on_random_loot"
            }
          ]
        },
        {
          "type": "minecraft:loot_table",
          "weight": 7,
          "value": "fathoms:items/message_in_a_bottle/ocean",
          "conditions": [
            {
              "condition": "minecraft:location_check",
              "predicate": {
                "biomes": "#minecraft:is_ocean"
              }
            }
          ]
        },
        {
          "type": "minecraft:loot_table",
          "weight": 7,
          "value": "fathoms:items/message_in_a_bottle/rocky_waters",
          "conditions": [
            {
              "condition": "minecraft:location_check",
              "predicate": {
                "biomes": "fathoms:rocky_waters"
              }
            }
          ]
        },
        {
          "type": "minecraft:group",
          "children": [
            {
              "type": "minecraft:loot_table",
              "weight": 2,
              "value": "fathoms:items/conch_shell/conch/love"
            },
            {
              "type": "minecraft:loot_table",
              "weight": 2,
              "value": "fathoms:items/conch_shell/conch/predict"
            },
            {
              "type": "minecraft:loot_table",
              "weight": 2,
              "value": "fathoms:items/conch_shell/conch/return"
            }
          ],
          "conditions": [
            {
              "condition": "minecraft:location_check",
              "predicate": {
                "biomes": "#fathoms:fishing/has_treasure/conch_shell"
              }
            }
          ]
        },
        {
          "type": "minecraft:group",
          "children": [
            {
              "type": "minecraft:loot_table",
              "weight": 1,
              "value": "fathoms:items/conch_shell/thorned/cower"
            },
            {
              "type": "minecraft:loot_table",
              "weight": 1,
              "value": "fathoms:items/conch_shell/thorned/freight"
            },
            {
              "type": "minecraft:loot_table",
              "weight": 1,
              "value": "fathoms:items/conch_shell/thorned/rig"
            }
          ],
          "conditions": [
            {
              "condition": "minecraft:location_check",
              "predicate": {
                "biomes": "#fathoms:fishing/has_treasure/conch_shell"
              }
            }
          ]
        }
      ]
    }
  ],
  "random_sequence": "minecraft:gameplay/fishing/treasure",
  "__smithed__": [
    {
      "type": "replace",
      "target": "pools[0].entries",
      "source": {
        "type": "reference",
        "value": "[]"
      },
      "priority": {
        "stage": "early"
      }
    },
    {
      "type": "append",
      "target": "pools[0].entries",
      "source": {
        "type": "reference",
        "path": "pools[0].entries"
      },
      "priority": {
        "stage": "standard"
      }
    }
  ]
}