{
  "parent": "minecraft:recipes/root",
  "criteria": {
    "has_nautilus_shell": {
      "conditions": {
        "items": [
          {
            "items": "minecraft:nautilus_shell"
          }
        ]
      },
      "trigger": "minecraft:inventory_changed"
    },
    "has_glow_ink_sac": {
      "conditions": {
        "items": [
          {
            "items": "minecraft:glow_ink_sac"
          }
        ]
      },
      "trigger": "minecraft:inventory_changed"
    },
    "has_the_recipe": {
      "conditions": {
        "recipe": "fathoms:nautilus_siphon"
      },
      "trigger": "minecraft:recipe_unlocked"
    }
  },
  "requirements": [
    [
      "has_the_recipe",
      "has_nautilus_shell",
      "has_glow_ink_sac"
    ]
  ],
  "rewards": {
    "recipes": [
      "fathoms:nautilus_siphon"
    ]
  }
}