{
    "condition": "minecraft:all_of",
    "terms": [
      {
        "condition": "minecraft:inverted",
        "term": {
          "condition": "minecraft:entity_properties",
          "entity": "this",
          "predicate": {
            "type_specific": {
              "type": "minecraft:player",
              "gamemode": [
                "creative",
                "spectator"
              ]
            }
          }
        }
      },
      {
        "condition": "minecraft:entity_scores",
        "entity": "this",
        "scores": {
          "thallium.health": {
            "min": 1
          }
        }
      },
      {
        "condition": "minecraft:inverted",
        "term": {
          "condition": "minecraft:entity_properties",
          "entity": "this",
          "predicate": {
            "effects": {
              "minecraft:invisibility": {}
            }
          }
        }
      }
    ]
  }