{
  "criteria": {
    "aberration": {
      "trigger": "minecraft:fishing_rod_hooked",
      "conditions": {
        "item": {
          "predicates": {
            "minecraft:custom_data": {
              "fathoms": {
                "reel_effect": "aberration"
              }
            }
          }
        }
      }
    },
    "fake_aberration": {
      "trigger": "minecraft:fishing_rod_hooked",
      "conditions": {
        "item": {
          "predicates": {
            "minecraft:custom_data": {
              "fathoms": {
                "reel_effect": "fake_aberration"
              }
            }
          }
        }
      }
    }
  },
  "requirements": [
    [
      "aberration",
      "fake_aberration"
    ]
  ],
  "rewards": {
    "function": "fathoms:item/fishing_rod/reel/start"
  }
}