{
  "criteria": {
    "requirement": {
      "trigger": "minecraft:player_interacted_with_entity",
      "conditions": {
        "item": {
          "items": "minecraft:name_tag"
        },
        "entity": [
          {
            "condition": "minecraft:entity_properties",
            "entity": "this",
            "predicate": {
              "nbt": "{Tags:[\"thallium.entity.artificial_despawn\"]}"
            }
          }
        ]
      }
    }
  },
  "rewards": {
    "function": "thallium:entity/technical/name_tag/start"
  }
}