{
  "criteria": {
    "pickaxe": {
      "trigger": "minecraft:inventory_changed",
      "conditions": {
        "items": [
          {
            "items": "minecraft:netherite_pickaxe",
            "predicates": {
              "minecraft:custom_data": {
                "fathoms": {
                  "id": "ornate_pickaxe"
                }
              }
            }
          }
        ]
      }
    },
    "axe": {
      "trigger": "minecraft:inventory_changed",
      "conditions": {
        "items": [
          { 
            "items": "minecraft:netherite_axe",
            "predicates": {
              "minecraft:custom_data": {
                "fathoms": {
                  "id": "ornate_axe"
                }
              }
            }
          }
        ]
      }
    },
    "shovel": {
      "trigger": "minecraft:inventory_changed",
      "conditions": {
        "items": [
          {
            "items": "minecraft:netherite_shovel",
            "predicates": {
              "minecraft:custom_data": {
                "fathoms": {
                  "id": "ornate_shovel"
                }
              }
            }
          }
        ]
      }
    },
    "hoe": {
      "trigger": "minecraft:inventory_changed",
      "conditions": {
        "items": [
          {
            "items": "minecraft:netherite_hoe",
            "predicates": {
              "minecraft:custom_data": {
                "fathoms": {
                  "id": "ornate_hoe"
                }
              }
            }
          }
        ]
      }
    },
    "cleaver": {
      "trigger": "minecraft:inventory_changed",
      "conditions": {
        "items": [
          {
            "items": "minecraft:netherite_axe",
            "predicates": {
              "minecraft:custom_data": {
                "fathoms": {
                  "id": "ornate_cleaver"
                }
              }
            }
          }
        ]
      }
    }
  },
  "requirements": [
    [
      "pickaxe",
      "axe",
      "shovel",
      "hoe",
      "cleaver"
    ]
  ],
  "rewards": {
    "function": "fathoms:item/technical/upgrade_to_netherite/start"
  }
}