{
  "type": "minecraft:generic",
  "pools": [
    {
      "rolls": 1,
      "entries": [
        {
          "type": "minecraft:item",
          "weight": 15,
          "name": "minecraft:candle",
          "functions": [
            {
              "function": "minecraft:set_count",
              "count": {
                "min": 2,
                "max": 6
              }
            }
          ]
        },
        {
          "type": "minecraft:item",
          "name": "minecraft:honeycomb",
          "weight": 15,
          "functions": [
            {
              "function": "minecraft:set_count",
              "count": {
                "min": 1,
                "max": 2
              }
            }
          ]
        },
        {
          "type": "minecraft:loot_table",
          "weight": 15,
          "value": "fathoms:items/bait/anglure",
          "functions": [
            {
              "function": "minecraft:set_count",
              "count": {
                "min": 1,
                "max": 2
              }
            }
          ]
        },
        {
          "type": "minecraft:loot_table",
          "weight": 15,
          "value": "fathoms:items/bait/chum",
          "functions": [
            {
              "function": "minecraft:set_count",
              "count": {
                "min": 2,
                "max": 6
              }
            }
          ]
        },
        {
          "type": "minecraft:group",
          "children": [
            {
              "type": "minecraft:loot_table",
              "weight": 3,
              "value": "fathoms:items/conch_shell/conch/love"
            },
            {
              "type": "minecraft:loot_table",
              "weight": 3,
              "value": "fathoms:items/conch_shell/conch/predict"
            },
            {
              "type": "minecraft:loot_table",
              "weight": 3,
              "value": "fathoms:items/conch_shell/conch/return"
            }
          ]
        },
        {
          "type": "minecraft:group",
          "children": [
            {
              "type": "minecraft:loot_table",
              "weight": 1,
              "value": "fathoms:items/conch_shell/thorned/cower"
            },
            {
              "type": "minecraft:loot_table",
              "weight": 1,
              "value": "fathoms:items/conch_shell/thorned/freight"
            },
            {
              "type": "minecraft:loot_table",
              "weight": 1,
              "value": "fathoms:items/conch_shell/thorned/rig"
            }
          ]
        }
      ]
    }
  ]
}