{
  "type": "minecraft:generic",
  "pools": [
    {
      "rolls": 1,
      "entries": [
        {
          "type": "minecraft:loot_table",
          "value": "fathoms:items/ornate_tool/pickaxe",
          "weight": 5
        },
        {
          "type": "minecraft:loot_table",
          "value": "fathoms:items/ornate_tool/axe",
          "weight": 5
        },
        {
          "type": "minecraft:loot_table",
          "value": "fathoms:items/ornate_tool/shovel",
          "weight": 5
        },
        {
          "type": "minecraft:loot_table",
          "value": "fathoms:items/ornate_tool/hoe",
          "weight": 5
        }
      ]
    }
  ]
}