{
  "type": "minecraft:generic",
  "pools": [
    {
      "rolls": 1,
      "entries": [
        {
          "type": "minecraft:group",
          "children": [
            {
              "type": "minecraft:item",
              "name": "minecraft:raw_iron",
              "weight": 15,
              "functions": [
                {
                  "function": "minecraft:set_count",
                  "count": {
                    "min": 4,
                    "max": 8
                  }
                }
              ]
            },
            {
              "type": "minecraft:item",
              "name": "minecraft:raw_gold",
              "weight": 10,
              "functions": [
                {
                  "function": "minecraft:set_count",
                  "count": {
                    "min": 2,
                    "max": 4
                  }
                }
              ]
            },
            {
              "type": "minecraft:item",
              "name": "minecraft:coal",
              "weight": 15,
              "functions": [
                {
                  "function": "minecraft:set_count",
                  "count": {
                    "min": 4,
                    "max": 8
                  }
                }
              ]
            }
          ]
        },
        {
          "type": "minecraft:loot_table",
          "value": "fathoms:items/carapace_banner_pattern",
          "weight": 5
        },
        {
          "type": "minecraft:item",
          "name": "minecraft:globe_banner_pattern",
          "weight": 5
        }
      ]
    }
  ]
}