{
  "pools": [
    {
      "rolls": 1,
      "entries": [
        {
          "type": "minecraft:loot_table",
          "value": "fathoms:items/aberration_idol/crumbly",
          "conditions": [
            {
              "condition": "minecraft:entity_properties",
              "entity": "this",
              "predicate": {
                "nbt": "{item:{components:{\"minecraft:custom_model_data\":{strings:[\"crumbly\"]}}}}"
              }
            }
          ]
        },
        {
          "type": "minecraft:loot_table",
          "value": "fathoms:items/aberration_idol/eroded",
          "conditions": [
            {
              "condition": "minecraft:entity_properties",
              "entity": "this",
              "predicate": {
                "nbt": "{item:{components:{\"minecraft:custom_model_data\":{strings:[\"eroded\"]}}}}"
              }
            }
          ]
        },
        {
          "type": "minecraft:loot_table",
          "value": "fathoms:items/aberration_idol/rugged",
          "conditions": [
            {
              "condition": "minecraft:entity_properties",
              "entity": "this",
              "predicate": {
                "nbt": "{item:{components:{\"minecraft:custom_model_data\":{strings:[\"rugged\"]}}}}"
              }
            }
          ]
        }
      ]
    }
  ]
}