{
  "pools": [
    {
      "rolls": 1,
      "entries": [
        {
          "type": "minecraft:loot_table",
          "value": "fathoms:items/coffer/tarnished",
          "conditions": [
            {
              "condition": "minecraft:entity_properties",
              "entity": "this",
              "predicate": {
                "nbt": "{item:{components:{\"minecraft:custom_model_data\":{strings:[\"tarnished\"]}}}}"
              }
            }
          ]
        },
        {
          "type": "minecraft:loot_table",
          "value": "fathoms:items/coffer/caliginous",
          "conditions": [
            {
              "condition": "minecraft:entity_properties",
              "entity": "this",
              "predicate": {
                "nbt": "{item:{components:{\"minecraft:custom_model_data\":{strings:[\"caliginous\"]}}}}"
              }
            }
          ]
        }
      ]
    }
  ]
}