{
    "pools": [
      {
        "rolls": 1,
        "entries": [
          {
            "type": "minecraft:item",
            "name": "minecraft:iron_nugget",
            "functions": [
              {
                "function": "minecraft:set_count",
                "count": {
                  "min": 3,
                  "max": 9
                }
              }
            ],
            "conditions": [
              {
                "condition": "minecraft:entity_properties",
                "entity": "this",
                "predicate": {
                  "nbt": "{Item:{id:\"minecraft:cobblestone\"}}"
                }
              }
            ]
          },
          {
            "type": "minecraft:loot_table",
            "value": "fathoms:items/pylon",
            "conditions": [
              {
                "condition": "minecraft:entity_properties",
                "entity": "this",
                "predicate": {
                  "nbt": "{Item:{id:\"minecraft:stone\"}}"
                }
              }
            ]
          }
        ]
      }
    ]
  }