[
  {
    "processor_type": "minecraft:rule",
    "rules": [
      {
        "position_predicate": {
          "predicate_type": "minecraft:always_true"
        },
        "location_predicate": {
          "predicate_type": "minecraft:always_true"
        },
        "input_predicate": {
          "predicate_type": "minecraft:random_block_match",
          "block": "minecraft:stone",
          "probability": 0.25
        },
        "output_state": {
          "Name": "minecraft:cobblestone"
        }
      },
      {
        "position_predicate": {
          "predicate_type": "minecraft:always_true"
        },
        "location_predicate": {
          "predicate_type": "minecraft:always_true"
        },
        "input_predicate": {
          "predicate_type": "minecraft:random_block_match",
          "block": "minecraft:stone",
          "probability": 0.1
        },
        "output_state": {
          "Name": "minecraft:mossy_cobblestone"
        }
      },
      {
        "position_predicate": {
          "predicate_type": "minecraft:always_true"
        },
        "location_predicate": {
          "predicate_type": "minecraft:always_true"
        },
        "input_predicate": {
          "predicate_type": "minecraft:random_block_match",
          "block": "minecraft:stone",
          "probability": 0.01
        },
        "output_state": {
          "Name": "minecraft:iron_ore"
        }
      },
      {
        "position_predicate": {
          "predicate_type": "minecraft:always_true"
        },
        "location_predicate": {
          "predicate_type": "minecraft:always_true"
        },
        "input_predicate": {
          "predicate_type": "minecraft:random_block_match",
          "block": "minecraft:stone",
          "probability": 0.001
        },
        "output_state": {
          "Name": "minecraft:raw_iron_block"
        }
      }
    ]
  }
]