{
  "type": "minecraft:generic",
  "pools": [
    {
      "rolls": 1,
      "entries": [
        {
          "type": "minecraft:item",
          "name": "minecraft:furnace"
        }
      ],
      "functions": [
        {
          "function": "minecraft:set_components",
          "components": {
            "minecraft:item_name": {
              "translate": "item.fathoms.crumbly_aberration_idol"
            },
            "minecraft:lore": [
              [
                {
                  "text": "0 ",
                  "color": "white",
                  "font": "fathoms:icon",
                  "italic": false
                },
                {
                  "translate": "ui.fathoms.title",
                  "color": "white",
                  "font": "fathoms:tooltip",
                  "italic": false
                }
              ]
            ],
            "minecraft:custom_data": {
              "fathoms": {
                "id": "crumbly_aberration_idol"
              },
              "smithed": {
                "ignore": {
                  "functionality": true,
                  "crafting": true
                }
              }
            },
            "minecraft:item_model": "fathoms:aberration_idol",
            "minecraft:custom_model_data": {
              "strings": [
                "crumbly"
              ]
            },
            "minecraft:tooltip_style": "fathoms:fathoms",
            "minecraft:rarity": "uncommon",
            "minecraft:container": [
              {
                "slot": 0,
                "item": {
                  "id": "minecraft:stone",
                  "components": {
                    "minecraft:custom_data": {
                      "thallium": {
                        "block": {
                          "id": "aberration_idol",
                          "variant": "crumbly"
                        }
                      }
                    }
                  }
                }
              }
            ],
            "minecraft:tooltip_display": {
              "hidden_components": [
                "minecraft:container"
              ]
            }
          }
        }
      ]
    }
  ]
}