{
  "type": "minecraft:jigsaw",
  "biomes": "minecraft:deep_ocean",
  "step": "fluid_springs",
  "terrain_adaptation": "beard_box",
  "spawn_overrides": {
    "water_creature": {
      "bounding_box": "full",
      "spawns": []
    },
    "water_ambient": {
      "bounding_box": "full",
      "spawns": []
    },
    "monster": {
      "bounding_box": "full",
      "spawns": [
        {
          "type": "minecraft:drowned",
          "weight": 1,
          "minCount": 1,
          "maxCount": 3
        }
      ]
    }
  },
  "start_pool": "fathoms:rocky_waters/base",
  "size": 5,
  "start_height": {
    "absolute": 45
  },
  "max_distance_from_center": 116,
  "use_expansion_hack": false,
  "liquid_settings": "apply_waterlogging"
}