{
  "type": "minecraft:generic",
  "pools": [
    {
      "rolls": 1,
      "entries": [
        {
          "type": "minecraft:item",
          "name": "minecraft:salmon"
        }
      ],
      "functions": [
        {
          "function": "minecraft:set_components",
          "components": {
            "minecraft:item_name": {
              "translate": "item.fathoms.torn_salmon"
            },
            "minecraft:lore": [
              [
                {
                  "text": "0 ",
                  "color": "white",
                  "font": "fathoms:icon",
                  "italic": false
                },
                {
                  "translate": "ui.fathoms.title",
                  "color": "white",
                  "font": "fathoms:tooltip",
                  "italic": false
                }
              ],
			        "",
              [
                {
                  "translate": "item.fathoms.fish.essence.aberration.symbol",
                  "color": "white",
                  "font": "fathoms:essence",
                  "italic": false
                },
                {
                  "translate": "item.fathoms.fish.essence.aberration.name",
                  "color": "red",
                  "font": "minecraft:default",
                  "italic": false
                }
              ]
            ],
            "minecraft:custom_data": {
              "fathoms": {
                "id": "torn_salmon",
				"reel_effect": "aberration"
              },
                "fish": {
                  "essences": [
                    "aberration"
                  ]
                },
              "smithed": {
                "ignore": {
                  "functionality": true,
                  "crafting": true
                }
              }
            },
            "minecraft:item_model": "fathoms:fish/aberration/torn_salmon",
            "minecraft:tooltip_style": "fathoms:fathoms",
            "minecraft:rarity": "uncommon",
            "minecraft:consumable": {
              "on_consume_effects": [
                {
                  "type": "minecraft:play_sound",
                  "sound": {
                    "sound_id": "fathoms:entity.player.retch",
                    "range": 1
                  }
                },
                {
                  "type": "minecraft:apply_effects",
                  "effects": [
                    {
                      "id": "minecraft:instant_damage",
                      "duration": 1,
                      "amplifier": 0
                    }
                  ]
                }
              ]
            },
            "minecraft:food": {
              "nutrition": 1,
              "saturation": 1,
              "can_always_eat": true
            },
            "minecraft:use_remainder": {
              "id": "minecraft:poisonous_potato",
              "components": {
                "minecraft:item_name": {
                  "translate": "item.fathoms.tell_tale_heart"
                },
                "minecraft:lore": [
                  [
                    {
                      "text": "0 ",
                      "color": "white",
                      "font": "fathoms:icon",
                      "italic": false
                    },
                    {
                      "translate": "ui.fathoms.title",
                      "color": "white",
                      "font": "fathoms:tooltip",
                      "italic": false
                    }
                  ]
                ],
                "minecraft:custom_data": {
                  "fathoms": {
                    "id": "tell_tale_heart"
                  },
                  "smithed": {
                    "ignore": {
                      "functionality": true,
                      "crafting": true
                    }
                  }
                },
                "minecraft:item_model": "fathoms:tell_tale_heart",
                "minecraft:tooltip_style": "fathoms:fathoms",
                "minecraft:rarity": "uncommon",
                "!minecraft:consumable": {},
                "minecraft:damage_resistant": {
                  "types": "#fathoms:tell_tale_heart_immune"
                },
                "minecraft:provides_trim_material": "fathoms:tell_tale_heart"
              },
              "count": 1
            }
          }
        }
      ]
    }
  ]
}