{
  "condition": "minecraft:any_of",
  "terms": [
    {
      "condition": "minecraft:entity_properties",
      "entity": "this",
      "predicate": {
        "type_specific": {
          "type": "minecraft:player",
          "input": {
            "left": true,
            "right": false
          }
        }
      }
    },
    {
      "condition": "minecraft:entity_properties",
      "entity": "this",
      "predicate": {
        "type_specific": {
          "type": "minecraft:player",
          "input": {
            "left": false,
            "right": true
          }
        }
      }
    }
  ]
}