{
  "parent": "minecraft:recipes/root",
  "criteria": {
    "has_string": {
      "conditions": {
        "items": [
          {
            "items": "minecraft:string"
          }
        ]
      },
      "trigger": "minecraft:inventory_changed"
    },
    "has_the_recipe": {
      "conditions": {
        "recipe": "fathoms:bamboo_fishing_rod"
      },
      "trigger": "minecraft:recipe_unlocked"
    }
  },
  "requirements": [
    [
      "has_the_recipe",
      "has_string"
    ]
  ],
  "rewards": {
    "recipes": [
      "fathoms:bamboo_fishing_rod"
    ]
  }
}