{
  "parent": "fathoms:recipes/root",
  "criteria": {
    "aberration_hooked": {
      "trigger": "minecraft:fishing_rod_hooked",
      "conditions": {
        "item": {
          "predicates": {
            "minecraft:custom_data": {
              "fathoms": {
                "fish": {
                  "essences": [
                    "aberration"
                  ]
                }
              }
            }
          }
        }
      }
    },
    "has_the_recipe": {
      "conditions": {
        "recipe": "fathoms:bamboo_fishing_rod"
      },
      "trigger": "minecraft:recipe_unlocked"
    }
  },
  "requirements": [
    [
      "has_the_recipe",
      "aberration_hooked"
    ]
  ],
  "rewards": {
    "recipes": [
      "fathoms:sacrificial_knife"
    ]
  }
}