{
  "parent": "minecraft:recipes/root",
  "criteria": {
    "has_sugar": {
      "conditions": {
        "items": [
          {
            "items": "minecraft:sugar"
          }
        ]
      },
      "trigger": "minecraft:inventory_changed"
    },
    "has_fish": {
      "trigger": "minecraft:inventory_changed",
      "conditions": {
        "items": [
          {
            "items": [
              "minecraft:cod",
              "minecraft:salmon",
              "minecraft:tropical_fish"
            ]
          }
        ]
      }
    },
    "has_rotten_flesh": {
      "trigger": "minecraft:inventory_changed",
      "conditions": {
        "items": [
          {
            "items": "minecraft:rotten_flesh"
          }
        ]
      }
    },
    "has_the_recipe": {
      "conditions": {
        "recipe": "fathoms:chum"
      },
      "trigger": "minecraft:recipe_unlocked"
    }
  },
  "requirements": [
    [
      "has_the_recipe",
      "has_fish",
      "has_rotten_flesh",
      "has_sugar"
    ]
  ],
  "rewards": {
    "recipes": [
      "fathoms:chum"
    ]
  }
}