{
  "type": "minecraft:generic",
  "pools": [
    {
      "rolls": 1,
      "entries": [
        {
          "type": "minecraft:item",
          "name": "minecraft:poisonous_potato"
        }
      ],
      "functions": [
        {
          "function": "minecraft:set_components",
          "components": {
            "minecraft:item_name": {
              "translate": "item.fathoms.futile_pendant"
            },
            "minecraft:lore": [
              [
                {
                  "text": "0 ",
                  "color": "white",
                  "font": "fathoms:icon",
                  "italic": false
                },
                {
                  "translate": "ui.fathoms.title",
                  "color": "white",
                  "font": "fathoms:tooltip",
                  "italic": false
                }
              ],
			  "",
              {
                "translate": "item.modifiers.thallium.inventory",
                "color": "gray",
                "italic": false
              },
              {
                "translate": "item.fathoms.futile_pendant.description",
                "color": "aqua",
                "italic": false
              }
            ],
            "minecraft:custom_data": {
              "fathoms": {
                "id": "futile_pendant"
              },
              "smithed": {
                "ignore": {
                  "functionality": true,
                  "crafting": true
                }
              }
            },
            "minecraft:item_model": "fathoms:futile_pendant",
            "minecraft:tooltip_style": "fathoms:fathoms",
            "minecraft:rarity": "rare",
            "minecraft:max_stack_size": 1,
			"!minecraft:consumable": {}
          }
        }
      ]
    }
  ]
}