{
  "type": "minecraft:generic",
  "pools": [
    {
      "rolls": 1,
      "entries": [
        {
          "type": "minecraft:item",
          "name": "minecraft:poisonous_potato"
        }
      ],
      "functions": [
        {
          "function": "minecraft:set_components",
          "components": {
            "minecraft:item_name": {
              "translate": "item.fathoms.roe"
            },
            "minecraft:lore": [
              [
                {
                  "text": "0 ",
                  "color": "white",
                  "font": "fathoms:icon",
                  "italic": false
                },
                {
                  "translate": "ui.fathoms.title",
                  "color": "white",
                  "font": "fathoms:tooltip",
                  "italic": false
                }
              ]
            ],
            "minecraft:custom_data": {
              "fathoms": {
                "id": "roe"
              },
              "smithed": {
                "ignore": {
                  "functionality": true,
                  "crafting": true
                }
              }
            },
            "minecraft:item_model": "fathoms:roe",
            "minecraft:tooltip_style": "fathoms:fathoms",
            "minecraft:rarity": "uncommon",
            "minecraft:consumable": {
              "consume_seconds": 1.2,
              "sound": {
                "sound_id": "fathoms:entity.generic.eat.wet",
                "range": 1
              },
              "on_consume_effects": [
                {
                  "type": "minecraft:apply_effects",
                  "effects": [
                    {
                      "id": "minecraft:regeneration",
                      "amplifier": 2,
                      "duration": 20
                    }
                  ]
                }
              ]
            },
            "minecraft:food": {
              "nutrition": 4,
              "saturation": 5,
              "can_always_eat": true
            }
          }
        }
      ]
    }
  ]
}