{
  "type": "minecraft:generic",
  "pools": [
    {
      "rolls": 1,
      "entries": [
        {
          "type": "minecraft:item",
          "name": "minecraft:poisonous_potato"
        }
      ],
      "functions": [
        {
          "function": "minecraft:set_components",
          "components": {
            "minecraft:item_name": {
              "translate": "item.fathoms.sunken_key"
            },
            "minecraft:lore": [
              [
                {
                  "text": "0 ",
                  "color": "white",
                  "font": "fathoms:icon",
                  "italic": false
                },
                {
                  "translate": "ui.fathoms.title",
                  "color": "white",
                  "font": "fathoms:tooltip",
                  "italic": false
                }
              ]
            ],
            "minecraft:custom_data": {
              "fathoms": {
                "id": "sunken_key"
              },
              "thallium": {
                "key_id": "fathoms:sunken_key"
              },
              "smithed": {
                "ignore": {
                  "functionality": true,
                  "crafting": true
                }
              }
            },
            "minecraft:item_model": "fathoms:sunken_key",
            "minecraft:tooltip_style": "fathoms:fathoms",
            "minecraft:rarity": "uncommon",
            "!minecraft:consumable": {}
          }
        }
      ]
    }
  ]
}