{
  "type": "minecraft:generic",
  "pools": [
    {
      "rolls": 1,
      "entries": [
        {
          "type": "minecraft:item",
          "name": "minecraft:poisonous_potato"
        }
      ],
      "functions": [
        {
          "function": "minecraft:set_components",
          "components": {
            "minecraft:item_name": {
              "translate": "item.fathoms.pike"
            },
            "minecraft:lore": [
              [
                {
                  "text": "0 ",
                  "color": "white",
                  "font": "fathoms:icon",
                  "italic": false
                },
                {
                  "translate": "ui.fathoms.title",
                  "color": "white",
                  "font": "fathoms:tooltip",
                  "italic": false
                }
              ],
			  "",
              [
                {
                  "translate": "item.fathoms.fish.essence.eclipse.symbol",
                  "color": "white",
                  "font": "fathoms:essence",
                  "italic": false
                },
                {
                  "translate": "item.fathoms.fish.essence.eclipse.name",
                  "color": "gray",
                  "font": "minecraft:default",
                  "italic": false
                }
              ],
              [
                {
                  "translate": "item.fathoms.fish.essence.cunning.symbol",
                  "color": "white",
                  "font": "fathoms:essence",
                  "italic": false
                },
                {
                  "translate": "item.fathoms.fish.essence.cunning.name",
                  "color": "gray",
                  "font": "minecraft:default",
                  "italic": false
                }
              ]
            ],
            "minecraft:custom_data": {
              "fathoms": {
                "id": "pike",
                "fish": {
                  "chopping_block_loot_table": "fathoms:gameplay/chopping_block/pike",
                  "essences": [
                    "eclipse",
                    "cunning"
                  ],
                  "xp": 5
                }
              }
            },
            "minecraft:item_model": "fathoms:fish/pike",
            "minecraft:tooltip_style": "fathoms:fathoms",
            "minecraft:rarity": "common",
            "!minecraft:consumable": {}
          }
        }
      ]
    }
  ]
}