{
  "type": "minecraft:generic",
  "pools": [
    {
      "rolls": 1,
      "entries": [
        {
          "type": "minecraft:item",
          "name": "minecraft:poisonous_potato"
        }
      ],
      "functions": [
        {
          "function": "minecraft:set_components",
          "components": {
            "minecraft:item_name": {
              "translate": "item.fathoms.shrimp"
            },
            "minecraft:lore": [
              [
                {
                  "text": "0 ",
                  "color": "white",
                  "font": "fathoms:icon",
                  "italic": false
                },
                {
                  "translate": "ui.fathoms.title",
                  "color": "white",
                  "font": "fathoms:tooltip",
                  "italic": false
                }
              ],
			  "",
              {
                "translate": "item.modifiers.hand",
                "color": "gray",
                "italic": false
              },
              [
                {
                  "text": " 75% ",
                  "color": "dark_aqua",
                  "italic": false
                },
                {
                  "translate": "attribute.fathoms.bait_consumption_chance",
                  "color": "dark_aqua",
                  "italic": false
                }
              ],
              [
                {
                  "text": " +3 ",
                  "color": "dark_aqua",
                  "italic": false
                },
                {
                  "translate": "attribute.fathoms.fish_chance",
                  "color": "dark_aqua",
                  "italic": false
                }
              ],
              {
                "translate": "attribute.fathoms.invert_set",
                "color": "dark_aqua",
                "italic": false,
                "with": [
                  {
                    "translate": "item.fathoms.fish.essence.solstice.name",
                    "color": "#fcdf7a",
                    "italic": false
                  },
                  {
                    "translate": "item.fathoms.fish.essence.eclipse.name",
                    "color": "#e2bfff",
                    "italic": false
                  }
                ]
              }
            ],
            "minecraft:custom_data": {
              "fathoms": {
                "id": "shrimp",
				"bait": {
				  "sound": "fathoms:item.fishing_rod.cast.bait",
				  "consumption_chance": 0.75
				}
              },
              "smithed": {
                "ignore": {
                  "functionality": true,
                  "crafting": true
                }
              }
            },
            "minecraft:item_model": "fathoms:fish/shrimp",
            "minecraft:tooltip_style": "fathoms:fathoms",
            "minecraft:rarity": "common",
            "minecraft:consumable": {
              "consume_seconds": 0.8,
              "sound": {
                "sound_id": "fathoms:entity.generic.eat.crunch",
                "range": 1
              }
            },
            "minecraft:food": {
              "nutrition": 4,
              "saturation": 10,
              "can_always_eat": false
            }
          }
        }
      ]
    }
  ]
}