{
  "type": "minecraft:generic",
  "pools": [
    {
      "rolls": 1,
      "entries": [
        {
          "type": "minecraft:loot_table",
          "weight": 1,
          "value": "fathoms:items/nautical_map/rocky_waters"
        },
        {
          "type": "minecraft:loot_table",
          "weight": 1,
          "value": "fathoms:items/sunken_scrawl/ocean/rite_of_fortune"
        },
        {
          "type": "minecraft:loot_table",
          "weight": 1,
          "value": "fathoms:items/sunken_scrawl/ocean/charm_of_butchery"
        },
        {
          "type": "minecraft:loot_table",
          "weight": 1,
          "value": "fathoms:items/sunken_scrawl/ocean/morph_steed"
        },
        {
          "type": "minecraft:loot_table",
          "weight": 1,
          "value": "fathoms:items/sunken_scrawl/ocean/rain_dance"
        }
      ]
    }
  ]
}