{
  "criteria": {
    "requirement": {
      "trigger": "minecraft:placed_block",
      "conditions": {
        "player": [],
        "location": [
          {
            "condition": "minecraft:location_check",
            "predicate": {
              "block": {
                "nbt": "{Items:[{Slot:0b,components:{\"minecraft:custom_data\":{thallium:{block:{}}}}}]}"
              }
            }
          }
        ]
      }
    }
  },
  "rewards": {
    "function": "thallium:block/place/start"
  }
}
