{
    "display": {
      "icon": {
        "id": "minecraft:heart_of_the_sea"
      },
      "title": {
        "translate": "advancements.fathoms.nautical.activate_conduit.title"
      },
      "description": [
        {
          "translate": "advancements.fathoms.nautical.activate_conduit.description"
        },
        "\n\n",
        [
          {
            "text": "0 ",
            "color": "white",
            "font": "fathoms:icon"
          },
          {
            "translate": "ui.fathoms.title",
            "color": "white",
            "font": "fathoms:tooltip"
          }
        ]
      ],
      "frame": "challenge",
      "hidden": false
    },
    "parent": "fathoms:nautical/obtain_nautilus_shell",
    "criteria": {
      "conduit": {
        "trigger": "minecraft:effects_changed",
        "conditions": {
          "effects": {
            "minecraft:conduit_power": {}
          }
        }
      }
    }
  }