{
  "display": {
    "icon": {
      "id": "minecraft:poisonous_potato",
      "components": {
        "minecraft:item_model": "fathoms:carapace_banner_pattern"
      }
    },
    "title": {
      "translate": "advancements.fathoms.nautical.all_max_level_rituals.title"
    },
    "description": [
      {
        "translate": "advancements.fathoms.nautical.all_max_level_rituals.description"
      },
	  "\n\n",
	  [
	    {
          "text": "0 ",
		  "color": "white",
		  "font": "fathoms:icon"
        },
        {
          "translate": "ui.fathoms.title",
          "color": "white",
		  "font": "fathoms:tooltip"
        }
	  ]
    ],
    "frame": "challenge",
    "hidden": true
  },
  "parent": "fathoms:nautical/perform_enhanced_ritual",
  "criteria": {
    "rite_of_fortune": {
      "trigger": "minecraft:impossible"
    },
    "charm_of_butchery": {
      "trigger": "minecraft:impossible"
    },
    "morph_steed": {
      "trigger": "minecraft:impossible"
    },
    "rain_dance": {
      "trigger": "minecraft:impossible"
    },
    "divine_gift": {
      "trigger": "minecraft:impossible"
    },
    "conjure_beasts": {
      "trigger": "minecraft:impossible"
    }
  }
}
