{
  "display": {
    "icon": {
      "id": "minecraft:poisonous_potato",
      "components": {
        "minecraft:item_model": "fathoms:pylon"
      }
    },
    "title": {
      "translate": "advancements.fathoms.nautical.calcify_augur.title"
    },
    "description": [
      {
        "translate": "advancements.fathoms.nautical.calcify_augur.description"
      },
      "\n\n",
      [
        {
          "text": "0 ",
          "color": "white",
          "font": "fathoms:icon"
        },
        {
          "translate": "ui.fathoms.title",
          "color": "white",
          "font": "fathoms:tooltip"
        }
      ]
    ],
    "frame": "challenge",
    "hidden": true
  },
  "parent": "fathoms:nautical/obtain_pylon",
  "criteria": {
    "calcify": {
      "trigger": "minecraft:channeled_lightning",
      "conditions": {
        "victims": [
          {
            "type": "minecraft:drowned",
            "predicates": {
              "minecraft:custom_data": {
                "thallium": {
                  "id": "augur"
                }
              }
            }
          }
        ]
      }
    }
  }
}