{
  "display": {
    "icon": {
      "id": "minecraft:poisonous_potato",
      "components": {
        "minecraft:item_model": "fathoms:fish/aberration/man_faced_carp"
      }
    },
    "title": {
      "translate": "advancements.fathoms.nautical.catch_aberration.title"
    },
    "description": [
      {
        "translate": "advancements.fathoms.nautical.catch_aberration.description"
      },
      "\n\n",
      [
        {
          "text": "0 ",
          "color": "white",
          "font": "fathoms:icon"
        },
        {
          "translate": "ui.fathoms.title",
          "color": "white",
          "font": "fathoms:tooltip"
        }
      ]
    ],
    "frame": "task",
    "hidden": false
  },
  "parent": "minecraft:husbandry/fishy_business",
  "criteria": {
    "aberration": {
      "trigger": "minecraft:fishing_rod_hooked",
      "conditions": {
        "item": {
          "items": "minecraft:poisonous_potato",
          "predicates": {
            "minecraft:custom_data": {
              "fathoms": {
                "reel_effect": "aberration"
              }
            }
          }
        }
      }
    }
  }
}