{
  "display": {
    "icon": {
      "id": "minecraft:poisonous_potato",
      "components": {
        "minecraft:item_model": "fathoms:fish/koi"
      }
    },
    "title": {
      "translate": "advancements.fathoms.nautical.catch_all_fish.title"
    },
    "description": [
      {
        "translate": "advancements.fathoms.nautical.catch_all_fish.description"
      },
      "\n\n",
      [
        {
          "text": "0 ",
          "color": "white",
          "font": "fathoms:icon"
        },
        {
          "translate": "ui.fathoms.title",
          "color": "white",
          "font": "fathoms:tooltip"
        }
      ]
    ],
    "frame": "challenge"
  },
  "parent": "minecraft:husbandry/fishy_business",
  "criteria": {
    "cod": {
      "trigger": "minecraft:fishing_rod_hooked",
      "conditions": {
        "item": {
          "items": "minecraft:cod"
        }
      }
    },
    "wispy_cod": {
      "trigger": "minecraft:fishing_rod_hooked",
      "conditions": {
        "item": {
          "items": "minecraft:cod",
          "predicates": {
            "minecraft:custom_data": {
              "fathoms": {
                "id": "wispy_cod"
              }
            }
          }
        }
      }
    },
    "salmon": {
      "trigger": "minecraft:fishing_rod_hooked",
      "conditions": {
        "item": {
          "items": "minecraft:salmon"
        }
      }
    },
    "torn_salmon": {
      "trigger": "minecraft:fishing_rod_hooked",
      "conditions": {
        "item": {
          "items": "minecraft:salmon",
          "predicates": {
            "minecraft:custom_data": {
              "fathoms": {
                "id": "torn_salmon"
              }
            }
          }
        }
      }
    },
    "pufferfish": {
      "trigger": "minecraft:fishing_rod_hooked",
      "conditions": {
        "item": {
          "items": "minecraft:pufferfish"
        }
      }
    },
    "shimmerspine_pufferfish": {
      "trigger": "minecraft:fishing_rod_hooked",
      "conditions": {
        "item": {
          "items": "minecraft:pufferfish",
          "predicates": {
            "minecraft:custom_data": {
              "fathoms": {
                "id": "shimmerspine_pufferfish"
              }
            }
          }
        }
      }
    },
    "tropical_fish": {
      "trigger": "minecraft:fishing_rod_hooked",
      "conditions": {
        "item": {
          "items": "minecraft:tropical_fish"
        }
      }
    },
    "jesterfish": {
      "trigger": "minecraft:fishing_rod_hooked",
      "conditions": {
        "item": {
          "items": "minecraft:fermented_spider_eye",
          "predicates": {
            "minecraft:custom_data": {
              "fathoms": {
                "id": "jesterfish"
              }
            }
          }
        }
      }
    },
    "shrimp": {
      "trigger": "minecraft:fishing_rod_hooked",
      "conditions": {
        "item": {
          "items": "minecraft:poisonous_potato",
          "predicates": {
            "minecraft:custom_data": {
              "fathoms": {
                "id": "shrimp"
              }
            }
          }
        }
      }
    },
    "ghost_shrimp": {
      "trigger": "minecraft:fishing_rod_hooked",
      "conditions": {
        "item": {
          "items": "minecraft:poisonous_potato",
          "predicates": {
            "minecraft:custom_data": {
              "fathoms": {
                "id": "ghost_shrimp"
              }
            }
          }
        }
      }
    },
    "minnow": {
      "trigger": "minecraft:fishing_rod_hooked",
      "conditions": {
        "item": {
          "items": "minecraft:poisonous_potato",
          "predicates": {
            "minecraft:custom_data": {
              "fathoms": {
                "id": "minnow"
              }
            }
          }
        }
      }
    },
    "spider_minnow": {
      "trigger": "minecraft:fishing_rod_hooked",
      "conditions": {
        "item": {
          "items": "minecraft:poisonous_potato",
          "predicates": {
            "minecraft:custom_data": {
              "fathoms": {
                "id": "spider_minnow"
              }
            }
          }
        }
      }
    },
    "carp": {
      "trigger": "minecraft:fishing_rod_hooked",
      "conditions": {
        "item": {
          "items": "minecraft:poisonous_potato",
          "predicates": {
            "minecraft:custom_data": {
              "fathoms": {
                "id": "carp"
              }
            }
          }
        }
      }
    },
    "man_faced_carp": {
      "trigger": "minecraft:fishing_rod_hooked",
      "conditions": {
        "item": {
          "items": "minecraft:poisonous_potato",
          "predicates": {
            "minecraft:custom_data": {
              "fathoms": {
                "id": "man_faced_carp"
              }
            }
          }
        }
      }
    },
    "bass": {
      "trigger": "minecraft:fishing_rod_hooked",
      "conditions": {
        "item": {
          "items": "minecraft:poisonous_potato",
          "predicates": {
            "minecraft:custom_data": {
              "fathoms": {
                "id": "bass"
              }
            }
          }
        }
      }
    },
    "bottomless_bass": {
      "trigger": "minecraft:fishing_rod_hooked",
      "conditions": {
        "item": {
          "items": "minecraft:poisonous_potato",
          "predicates": {
            "minecraft:custom_data": {
              "fathoms": {
                "id": "bottomless_bass"
              }
            }
          }
        }
      }
    },
    "catfish": {
      "trigger": "minecraft:fishing_rod_hooked",
      "conditions": {
        "item": {
          "items": "minecraft:poisonous_potato",
          "predicates": {
            "minecraft:custom_data": {
              "fathoms": {
                "id": "catfish"
              }
            }
          }
        }
      }
    },
    "obsidian_catfish": {
      "trigger": "minecraft:fishing_rod_hooked",
      "conditions": {
        "item": {
          "items": "minecraft:poisonous_potato",
          "predicates": {
            "minecraft:custom_data": {
              "fathoms": {
                "id": "obsidian_catfish"
              }
            }
          }
        }
      }
    },
    "trout": {
      "trigger": "minecraft:fishing_rod_hooked",
      "conditions": {
        "item": {
          "items": "minecraft:poisonous_potato",
          "predicates": {
            "minecraft:custom_data": {
              "fathoms": {
                "id": "trout"
              }
            }
          }
        }
      }
    },
    "mouthful_trout": {
      "trigger": "minecraft:fishing_rod_hooked",
      "conditions": {
        "item": {
          "items": "minecraft:poisonous_potato",
          "predicates": {
            "minecraft:custom_data": {
              "fathoms": {
                "id": "mouthful_trout"
              }
            }
          }
        }
      }
    },
    "bream": {
      "trigger": "minecraft:fishing_rod_hooked",
      "conditions": {
        "item": {
          "items": "minecraft:poisonous_potato",
          "predicates": {
            "minecraft:custom_data": {
              "fathoms": {
                "id": "bream"
              }
            }
          }
        }
      }
    },
    "gleaming_bream": {
      "trigger": "minecraft:fishing_rod_hooked",
      "conditions": {
        "item": {
          "items": "minecraft:poisonous_potato",
          "predicates": {
            "minecraft:custom_data": {
              "fathoms": {
                "id": "gleaming_bream"
              }
            }
          }
        }
      }
    },
    "walleye": {
      "trigger": "minecraft:fishing_rod_hooked",
      "conditions": {
        "item": {
          "items": "minecraft:poisonous_potato",
          "predicates": {
            "minecraft:custom_data": {
              "fathoms": {
                "id": "walleye"
              }
            }
          }
        }
      }
    },
    "lobotom_eye": {
      "trigger": "minecraft:fishing_rod_hooked",
      "conditions": {
        "item": {
          "items": "minecraft:poisonous_potato",
          "predicates": {
            "minecraft:custom_data": {
              "fathoms": {
                "id": "lobotom_eye"
              }
            }
          }
        }
      }
    },
    "perch": {
      "trigger": "minecraft:fishing_rod_hooked",
      "conditions": {
        "item": {
          "items": "minecraft:poisonous_potato",
          "predicates": {
            "minecraft:custom_data": {
              "fathoms": {
                "id": "perch"
              }
            }
          }
        }
      }
    },
    "feathered_perch": {
      "trigger": "minecraft:fishing_rod_hooked",
      "conditions": {
        "item": {
          "items": "minecraft:poisonous_potato",
          "predicates": {
            "minecraft:custom_data": {
              "fathoms": {
                "id": "feathered_perch"
              }
            }
          }
        }
      }
    },
    "pike": {
      "trigger": "minecraft:fishing_rod_hooked",
      "conditions": {
        "item": {
          "items": "minecraft:poisonous_potato",
          "predicates": {
            "minecraft:custom_data": {
              "fathoms": {
                "id": "pike"
              }
            }
          }
        }
      }
    },
    "gnashing_pike": {
      "trigger": "minecraft:fishing_rod_hooked",
      "conditions": {
        "item": {
          "items": "minecraft:poisonous_potato",
          "predicates": {
            "minecraft:custom_data": {
              "fathoms": {
                "id": "gnashing_pike"
              }
            }
          }
        }
      }
    },
    "tuna": {
      "trigger": "minecraft:fishing_rod_hooked",
      "conditions": {
        "item": {
          "items": "minecraft:poisonous_potato",
          "predicates": {
            "minecraft:custom_data": {
              "fathoms": {
                "id": "tuna"
              }
            }
          }
        }
      }
    },
    "sporing_tuna": {
      "trigger": "minecraft:fishing_rod_hooked",
      "conditions": {
        "item": {
          "items": "minecraft:poisonous_potato",
          "predicates": {
            "minecraft:custom_data": {
              "fathoms": {
                "id": "sporing_tuna"
              }
            }
          }
        }
      }
    },
    "red_snapper": {
      "trigger": "minecraft:fishing_rod_hooked",
      "conditions": {
        "item": {
          "items": "minecraft:poisonous_potato",
          "predicates": {
            "minecraft:custom_data": {
              "fathoms": {
                "id": "red_snapper"
              }
            }
          }
        }
      }
    },
    "eyeballer_jones": {
      "trigger": "minecraft:fishing_rod_hooked",
      "conditions": {
        "item": {
          "items": "minecraft:poisonous_potato",
          "predicates": {
            "minecraft:custom_data": {
              "fathoms": {
                "id": "eyeballer_jones"
              }
            }
          }
        }
      }
    },
    "anglerfish": {
      "trigger": "minecraft:fishing_rod_hooked",
      "conditions": {
        "item": {
          "items": "minecraft:poisonous_potato",
          "predicates": {
            "minecraft:custom_data": {
              "fathoms": {
                "id": "anglerfish"
              }
            }
          }
        }
      }
    },
    "tanglerfish": {
      "trigger": "minecraft:fishing_rod_hooked",
      "conditions": {
        "item": {
          "items": "minecraft:poisonous_potato",
          "predicates": {
            "minecraft:custom_data": {
              "fathoms": {
                "id": "tanglerfish"
              }
            }
          }
        }
      }
    },
    "eel": {
      "trigger": "minecraft:fishing_rod_hooked",
      "conditions": {
        "item": {
          "items": "minecraft:poisonous_potato",
          "predicates": {
            "minecraft:custom_data": {
              "fathoms": {
                "id": "eel"
              }
            }
          }
        }
      }
    },
    "volt_eel": {
      "trigger": "minecraft:fishing_rod_hooked",
      "conditions": {
        "item": {
          "items": "minecraft:poisonous_potato",
          "predicates": {
            "minecraft:custom_data": {
              "fathoms": {
                "id": "volt_eel"
              }
            }
          }
        }
      }
    },
    "koi": {
      "trigger": "minecraft:fishing_rod_hooked",
      "conditions": {
        "item": {
          "items": "minecraft:poisonous_potato",
          "predicates": {
            "minecraft:custom_data": {
              "fathoms": {
                "id": "koi"
              }
            }
          }
        }
      }
    },
    "decomposing_koi": {
      "trigger": "minecraft:fishing_rod_hooked",
      "conditions": {
        "item": {
          "items": "minecraft:poisonous_potato",
          "predicates": {
            "minecraft:custom_data": {
              "fathoms": {
                "id": "decomposing_koi"
              }
            }
          }
        }
      }
    },
    "angelfish": {
      "trigger": "minecraft:fishing_rod_hooked",
      "conditions": {
        "item": {
          "items": "minecraft:poisonous_potato",
          "predicates": {
            "minecraft:custom_data": {
              "fathoms": {
                "id": "angelfish"
              }
            }
          }
        }
      }
    },
    "ichthys": {
      "trigger": "minecraft:fishing_rod_hooked",
      "conditions": {
        "item": {
          "items": "minecraft:poisonous_potato",
          "predicates": {
            "minecraft:custom_data": {
              "fathoms": {
                "id": "ichthys"
              }
            }
          }
        }
      }
    },
    "amberjack": {
      "trigger": "minecraft:fishing_rod_hooked",
      "conditions": {
        "item": {
          "items": "minecraft:poisonous_potato",
          "predicates": {
            "minecraft:custom_data": {
              "fathoms": {
                "id": "amberjack"
              }
            }
          }
        }
      }
    },
    "entombed_amberjack": {
      "trigger": "minecraft:fishing_rod_hooked",
      "conditions": {
        "item": {
          "items": "minecraft:poisonous_potato",
          "predicates": {
            "minecraft:custom_data": {
              "fathoms": {
                "id": "entombed_amberjack"
              }
            }
          }
        }
      }
    },
    "flounder": {
      "trigger": "minecraft:fishing_rod_hooked",
      "conditions": {
        "item": {
          "items": "minecraft:poisonous_potato",
          "predicates": {
            "minecraft:custom_data": {
              "fathoms": {
                "id": "flounder"
              }
            }
          }
        }
      }
    },
    "floundry": {
      "trigger": "minecraft:fishing_rod_hooked",
      "conditions": {
        "item": {
          "items": "minecraft:poisonous_potato",
          "predicates": {
            "minecraft:custom_data": {
              "fathoms": {
                "id": "floundry"
              }
            }
          }
        }
      }
    },
    "lobster": {
      "trigger": "minecraft:fishing_rod_hooked",
      "conditions": {
        "item": {
          "items": "minecraft:poisonous_potato",
          "predicates": {
            "minecraft:custom_data": {
              "fathoms": {
                "id": "lobster"
              }
            }
          }
        }
      }
    },
    "unsightly_mass": {
      "trigger": "minecraft:fishing_rod_hooked",
      "conditions": {
        "item": {
          "items": "minecraft:poisonous_potato",
          "predicates": {
            "minecraft:custom_data": {
              "fathoms": {
                "id": "unsightly_mass"
              }
            }
          }
        }
      }
    },
    "char": {
      "trigger": "minecraft:fishing_rod_hooked",
      "conditions": {
        "item": {
          "items": "minecraft:poisonous_potato",
          "predicates": {
            "minecraft:custom_data": {
              "fathoms": {
                "id": "char"
              }
            }
          }
        }
      }
    },
    "charred_char": {
      "trigger": "minecraft:fishing_rod_hooked",
      "conditions": {
        "item": {
          "items": "minecraft:poisonous_potato",
          "predicates": {
            "minecraft:custom_data": {
              "fathoms": {
                "id": "charred_char"
              }
            }
          }
        }
      }
    },
    "gar": {
      "trigger": "minecraft:fishing_rod_hooked",
      "conditions": {
        "item": {
          "items": "minecraft:poisonous_potato",
          "predicates": {
            "minecraft:custom_data": {
              "fathoms": {
                "id": "gar"
              }
            }
          }
        }
      }
    },
    "scarred_gar": {
      "trigger": "minecraft:fishing_rod_hooked",
      "conditions": {
        "item": {
          "items": "minecraft:poisonous_potato",
          "predicates": {
            "minecraft:custom_data": {
              "fathoms": {
                "id": "scarred_gar"
              }
            }
          }
        }
      }
    },
    "arapaima": {
      "trigger": "minecraft:fishing_rod_hooked",
      "conditions": {
        "item": {
          "items": "minecraft:poisonous_potato",
          "predicates": {
            "minecraft:custom_data": {
              "fathoms": {
                "id": "arapaima"
              }
            }
          }
        }
      }
    },
    "flayed_arapaima": {
      "trigger": "minecraft:fishing_rod_hooked",
      "conditions": {
        "item": {
          "items": "minecraft:poisonous_potato",
          "predicates": {
            "minecraft:custom_data": {
              "fathoms": {
                "id": "flayed_arapaima"
              }
            }
          }
        }
      }
    },
    "halibut": {
      "trigger": "minecraft:fishing_rod_hooked",
      "conditions": {
        "item": {
          "items": "minecraft:poisonous_potato",
          "predicates": {
            "minecraft:custom_data": {
              "fathoms": {
                "id": "halibut"
              }
            }
          }
        }
      }
    },
    "crystal_halibut": {
      "trigger": "minecraft:fishing_rod_hooked",
      "conditions": {
        "item": {
          "items": "minecraft:poisonous_potato",
          "predicates": {
            "minecraft:custom_data": {
              "fathoms": {
                "id": "crystal_halibut"
              }
            }
          }
        }
      }
    },
    "tilapia": {
      "trigger": "minecraft:fishing_rod_hooked",
      "conditions": {
        "item": {
          "items": "minecraft:poisonous_potato",
          "predicates": {
            "minecraft:custom_data": {
              "fathoms": {
                "id": "tilapia"
              }
            }
          }
        }
      }
    },
    "radiant_tilapia": {
      "trigger": "minecraft:fishing_rod_hooked",
      "conditions": {
        "item": {
          "items": "minecraft:poisonous_potato",
          "predicates": {
            "minecraft:custom_data": {
              "fathoms": {
                "id": "radiant_tilapia"
              }
            }
          }
        }
      }
    },
    "carcinomalocaris": {
      "trigger": "minecraft:fishing_rod_hooked",
      "conditions": {
        "item": {
          "items": "minecraft:poisonous_potato",
          "predicates": {
            "minecraft:custom_data": {
              "fathoms": {
                "id": "carcinomalocaris"
              }
            }
          }
        }
      }
    },
    "nautilurk": {
      "trigger": "minecraft:fishing_rod_hooked",
      "conditions": {
        "item": {
          "items": "minecraft:poisonous_potato",
          "predicates": {
            "minecraft:custom_data": {
              "fathoms": {
                "id": "nautilurk"
              }
            }
          }
        }
      }
    },
    "pupfish": {
      "trigger": "minecraft:fishing_rod_hooked",
      "conditions": {
        "item": {
          "items": "minecraft:poisonous_potato",
          "predicates": {
            "minecraft:custom_data": {
              "fathoms": {
                "id": "pupfish"
              }
            }
          }
        }
      }
    },
    "tripodfish": {
      "trigger": "minecraft:fishing_rod_hooked",
      "conditions": {
        "item": {
          "items": "minecraft:poisonous_potato",
          "predicates": {
            "minecraft:custom_data": {
              "fathoms": {
                "id": "tripodfish"
              }
            }
          }
        }
      }
    }
  },
  "rewards": {
    "experience": 100
  }
}