{
  "display": {
    "icon": {
      "id": "minecraft:poisonous_potato",
      "components": {
        "minecraft:item_model": "fathoms:fish_fillet"
      }
    },
    "title": {
      "translate": "advancements.fathoms.nautical.cut_fish.title"
    },
    "description": [
      {
        "translate": "advancements.fathoms.nautical.cut_fish.description"
      },
	  "\n\n",
	  [
	    {
          "text": "0 ",
		  "color": "white",
		  "font": "fathoms:icon"
        },
        {
          "translate": "ui.fathoms.title",
          "color": "white",
		  "font": "fathoms:tooltip"
        }
	  ]
    ],
    "frame": "task"
  },
  "parent": "minecraft:husbandry/fishy_business",
  "criteria": {
    "impossible": {
      "trigger": "minecraft:impossible"
    }
  }
}
