{
  "display": {
    "icon": {
      "id": "minecraft:cobblestone"
    },
    "title": {
      "translate": "advancements.fathoms.nautical.enter_rocky_waters.title"
    },
    "description": [
      {
        "translate": "advancements.fathoms.nautical.enter_rocky_waters.description"
      },
	  "\n\n",
	  [
	    {
          "text": "0 ",
		  "color": "white",
		  "font": "fathoms:icon"
        },
        {
          "translate": "ui.fathoms.title",
          "color": "white",
		  "font": "fathoms:tooltip"
        }
	  ]
    ],
    "frame": "task"
  },
  "parent": "fathoms:nautical/open_message_in_a_bottle",
  "criteria": {
    "rocky_waters": {
      "trigger": "minecraft:location",
      "conditions": {
        "player": {
          "location": {
            "biomes": "fathoms:rocky_waters"
          }
        }
      }
    }
  }
}