{
  "display": {
    "icon": {
      "id": "minecraft:packed_mud"
    },
    "title": {
      "translate": "advancements.fathoms.nautical.enter_ancient_reservoir.title"
    },
    "description": [
      {
        "translate": "advancements.fathoms.nautical.enter_ancient_reservoir.description"
      },
      "\n\n",
      [
        {
          "text": "0 ",
          "color": "white",
          "font": "fathoms:icon"
        },
        {
          "translate": "ui.fathoms.title",
          "color": "white",
          "font": "fathoms:tooltip"
        }
      ]
    ],
    "frame": "goal",
    "hidden": true,
    "announce_to_chat": false
  },
  "parent": "fathoms:nautical/open_message_in_a_bottle",
  "criteria": {
    "ancient_reservoir": {
      "trigger": "minecraft:location",
      "conditions": {
        "player": {
          "location": {
            "biomes": "fathoms:ancient_reservoir",
            "fluid": {
              "fluids": "minecraft:empty"
            }
          },
          "flags": {
            "is_swimming": false,
            "is_on_ground": true
          }
        }
      }
    }
  }
}