{
  "display": {
    "icon": {
      "id": "minecraft:poisonous_potato",
      "components": {
        "minecraft:item_model": "fathoms:tell_tale_heart"
      }
    },
    "title": {
      "translate": "advancements.fathoms.nautical.full_tell_tale_heart_trim_material.title"
    },
    "description": [
      {
        "translate": "advancements.fathoms.nautical.full_tell_tale_heart_trim_material.description"
      },
      "\n\n",
      [
        {
          "text": "0 ",
          "color": "white",
          "font": "fathoms:icon"
        },
        {
          "translate": "ui.fathoms.title",
          "color": "white",
          "font": "fathoms:tooltip"
        }
      ]
    ],
    "frame": "challenge",
    "hidden": false
  },
  "parent": "fathoms:nautical/cut_aberration",
  "criteria": {
    "helmet": {
      "trigger": "minecraft:inventory_changed",
      "conditions": {
        "items": [
          {
            "items": [
              "minecraft:leather_helmet",
              "minecraft:chainmail_helmet",
              "minecraft:iron_helmet",
              "minecraft:golden_helmet",
              "minecraft:diamond_helmet",
              "minecraft:netherite_helmet",
              "minecraft:turtle_helmet"
            ],
            "predicates": {
              "minecraft:trim": {
                "material": "fathoms:tell_tale_heart"
              }
            }
          }
        ]
      }
    },
    "chestplate": {
      "trigger": "minecraft:inventory_changed",
      "conditions": {
        "items": [
          {
            "items": [
              "minecraft:leather_chestplate",
              "minecraft:chainmail_chestplate",
              "minecraft:iron_chestplate",
              "minecraft:golden_chestplate",
              "minecraft:diamond_chestplate",
              "minecraft:netherite_chestplate"
            ],
            "predicates": {
              "minecraft:trim": {
                "material": "fathoms:tell_tale_heart"
              }
            }
          }
        ]
      }
    },
    "leggings": {
      "trigger": "minecraft:inventory_changed",
      "conditions": {
        "items": [
          {
            "items": [
              "minecraft:leather_leggings",
              "minecraft:chainmail_leggings",
              "minecraft:iron_leggings",
              "minecraft:golden_leggings",
              "minecraft:diamond_leggings",
              "minecraft:netherite_leggings"
            ],
            "predicates": {
              "minecraft:trim": {
                "material": "fathoms:tell_tale_heart"
              }
            }
          }
        ]
      }
    },
    "boots": {
      "trigger": "minecraft:inventory_changed",
      "conditions": {
        "items": [
          {
            "items": [
              "minecraft:leather_boots",
              "minecraft:chainmail_boots",
              "minecraft:iron_boots",
              "minecraft:golden_boots",
              "minecraft:diamond_boots",
              "minecraft:netherite_boots"
            ],
            "predicates": {
              "minecraft:trim": {
                "material": "fathoms:tell_tale_heart"
              }
            }
          }
        ]
      }
    }
  }
}