{
    "display": {
      "icon": {
        "id": "minecraft:nautilus_shell"
      },
      "title": {
        "translate": "advancements.fathoms.nautical.obtain_nautilus_shell.title"
      },
      "description": [
        {
          "translate": "advancements.fathoms.nautical.obtain_nautilus_shell.description"
        },
        "\n\n",
        [
          {
            "text": "0 ",
            "color": "white",
            "font": "fathoms:icon"
          },
          {
            "translate": "ui.fathoms.title",
            "color": "white",
            "font": "fathoms:tooltip"
          }
        ]
      ],
      "frame": "task",
      "hidden": false
    },
    "parent": "fathoms:nautical/root",
    "criteria": {
      "nautilus_shell": {
        "trigger": "minecraft:inventory_changed",
        "conditions": {
          "items": [
            {
              "items": "minecraft:nautilus_shell"
            }
          ]
        }
      }
    }
  }