{
  "display": {
    "icon": {
      "id": "minecraft:poisonous_potato",
      "components": {
        "minecraft:item_model": "fathoms:pylon"
      }
    },
    "title": {
      "translate": "advancements.fathoms.nautical.obtain_pylon.title"
    },
    "description": [
      {
        "translate": "advancements.fathoms.nautical.obtain_pylon.description"
      },
	  "\n\n",
	  [
	    {
          "text": "0 ",
		  "color": "white",
		  "font": "fathoms:icon"
        },
        {
          "translate": "ui.fathoms.title",
          "color": "white",
		  "font": "fathoms:tooltip"
        }
	  ]
    ],
    "frame": "goal",
    "hidden": false
  },
  "parent": "fathoms:nautical/enter_rocky_waters",
  "criteria": {
    "pylon": {
      "trigger": "minecraft:inventory_changed",
      "conditions": {
        "items": [
          {
            "predicates": {
              "minecraft:custom_data": "{fathoms:{id:\"pylon\"}}"
            }
          }
        ]
      }
    }
  }
}