{
  "display": {
    "icon": {
      "id": "minecraft:oak_boat"
    },
    "title": {
      "translate": "advancements.fathoms.nautical.root.title"
    },
    "description": [
      {
        "translate": "advancements.fathoms.nautical.root.description"
      },
      "\n\n",
      [
        {
          "text": "0 ",
          "color": "white",
          "font": "fathoms:icon"
        },
        {
          "translate": "ui.fathoms.title",
          "color": "white",
          "font": "fathoms:tooltip"
        }
      ]
    ],
    "background": "fathoms:gui/advancements/backgrounds/nautical",
    "show_toast": false,
    "announce_to_chat": false
  },
  "criteria": {
    "in_water": {
      "trigger": "minecraft:enter_block",
      "conditions": {
        "block": "minecraft:water"
      }
    }
  }
}