{
  "type": "minecraft:generic",
  "pools": [
    {
      "rolls": 1,
      "entries": [
        {
          "type": "minecraft:item",
          "name": "minecraft:poisonous_potato"
        }
      ],
      "functions": [
        {
          "function": "minecraft:set_components",
          "components": {
            "minecraft:item_name": {
              "translate": "item.fathoms.chum"
            },
            "minecraft:lore": [
              [
                {
                  "text": "0 ",
                  "color": "white",
                  "font": "fathoms:icon",
                  "italic": false
                },
                {
                  "translate": "ui.fathoms.title",
                  "color": "white",
                  "font": "fathoms:tooltip",
                  "italic": false
                }
              ],
              "",
              {
                "translate": "item.modifiers.hand",
                "color": "gray",
                "italic": false
              },
              [
                {
                  "text": " 25% ",
                  "color": "dark_aqua",
                  "italic": false
                },
                {
                  "translate": "attribute.fathoms.bait_consumption_chance",
                  "color": "dark_aqua",
                  "italic": false
                }
              ],
              {
                "translate": "attribute.fathoms.no_junk",
                "color": "dark_aqua",
                "italic": false
              }
            ],
            "minecraft:custom_data": {
              "fathoms": {
                "id": "chum",
                "bait": {
                  "sound": "fathoms:item.fishing_rod.cast.bait",
                  "consumption_chance": 0.25
                }
              },
              "smithed": {
                "ignore": {
                  "functionality": true,
                  "crafting": true
                }
              }
            },
            "minecraft:item_model": "fathoms:bait/chum",
            "minecraft:tooltip_style": "fathoms:fathoms",
            "minecraft:rarity": "common",
            "minecraft:consumable": {
              "consume_seconds": 1.6,
              "sound": {
                "sound_id": "fathoms:entity.generic.eat.wet",
                "range": 1
              },
              "on_consume_effects": [
                {
                  "type": "minecraft:apply_effects",
                  "effects": [
                    {
                      "id": "minecraft:hunger",
                      "duration": 300
                    },
                    {
                      "id": "minecraft:nausea",
                      "duration": 300
                    }
                  ],
                  "probability": 1
                }
              ]
            },
            "minecraft:food": {
              "nutrition": 1,
              "saturation": 1,
              "can_always_eat": true
            }
          }
        }
      ]
    }
  ]
}