{
  "type": "minecraft:generic",
  "pools": [
    {
      "rolls": 1,
      "entries": [
        {
          "type": "minecraft:item",
          "name": "minecraft:poisonous_potato"
        }
      ],
      "functions": [
        {
          "function": "minecraft:set_components",
          "components": {
            "minecraft:item_name": {
              "translate": "item.fathoms.sugar_bait"
            },
            "minecraft:lore": [
              [
                {
                  "text": "0 ",
                  "color": "white",
                  "font": "fathoms:icon",
                  "italic": false
                },
                {
                  "translate": "ui.fathoms.title",
                  "color": "white",
                  "font": "fathoms:tooltip",
                  "italic": false
                }
              ],
			  "",
              {
                "translate": "item.modifiers.hand",
                "color": "gray",
                "italic": false
              },
              [
                {
                  "text": " 100% ",
                  "color": "dark_aqua",
                  "italic": false
                },
                {
                  "translate": "attribute.fathoms.bait_consumption_chance",
                  "color": "dark_aqua",
                  "italic": false
                }
              ],
              [
                {
                  "text": " +2 ",
                  "color": "dark_aqua",
                  "italic": false
                },
                {
                  "translate": "attribute.fathoms.fish_chance",
                  "color": "dark_aqua",
                  "italic": false
                }
              ],
              {
                "translate": "attribute.fathoms.no_junk",
                "color": "dark_aqua",
                "italic": false
              }
            ],
            "minecraft:custom_data": {
              "fathoms": {
                "id": "sugar_bait",
				"bait": {
				  "sound": "fathoms:item.fishing_rod.cast.bait",
				  "consumption_chance": 1
				}
              },
              "smithed": {
                "ignore": {
                  "functionality": true,
                  "crafting": true
                }
              }
            },
            "minecraft:item_model": "fathoms:bait/sugar_bait",
            "minecraft:tooltip_style": "fathoms:fathoms",
            "minecraft:rarity": "common",
            "minecraft:consumable": {
              "consume_seconds": 0.8,
              "sound": {
                "sound_id": "fathoms:entity.generic.eat.wet",
                "range": 1
              }
            },
            "minecraft:food": {
              "nutrition": 2,
              "saturation": 1,
              "can_always_eat": true
            }
          }
        }
      ]
    }
  ]
}