{
  "type": "minecraft:generic",
  "pools": [
    {
      "rolls": 1,
      "entries": [
        {
          "type": "minecraft:loot_table",
          "value": "fathoms:items/aberration_idol/crumbly",
          "weight": 5,
          "conditions": [
            {
              "condition": "minecraft:location_check",
              "predicate": {
                "biomes": [
                  "minecraft:ocean",
                  "minecraft:deep_ocean",
                  "minecraft:lukewarm_ocean",
                  "minecraft:deep_lukewarm_ocean",
                  "minecraft:warm_ocean"
                ]
              }
            }
          ]
        },
        {
          "type": "minecraft:loot_table",
          "value": "fathoms:items/aberration_idol/eroded",
          "weight": 5,
          "conditions": [
            {
              "condition": "minecraft:location_check",
              "predicate": {
                "biomes": [
                  "minecraft:ocean",
                  "minecraft:deep_ocean",
                  "minecraft:cold_ocean",
                  "minecraft:deep_cold_ocean",
                  "minecraft:frozen_ocean",
                  "minecraft:deep_frozen_ocean"
                ]
              }
            }
          ]
        },
        {
          "type": "minecraft:loot_table",
          "value": "fathoms:items/aberration_idol/rugged",
          "weight": 5,
          "conditions": [
            {
              "condition": "minecraft:location_check",
              "predicate": {
                "biomes": "fathoms:rocky_waters"
              }
            }
          ]
        },
        {
          "type": "minecraft:loot_table",
          "value": "fathoms:items/coffer/tarnished",
          "weight": 5,
          "conditions": [
            {
              "condition": "minecraft:location_check",
              "predicate": {
                "biomes": "#minecraft:is_ocean"
              }
            }
          ]
        },
        {
          "type": "minecraft:loot_table",
          "value": "fathoms:items/coffer/caliginous",
          "weight": 5,
          "conditions": [
            {
              "condition": "minecraft:location_check",
              "predicate": {
                "biomes": "fathoms:rocky_waters"
              }
            }
          ]
        },
        {
          "type": "minecraft:loot_table",
          "value": "fathoms:items/pylon",
          "weight": 3,
          "conditions": [
            {
              "condition": "minecraft:location_check",
              "predicate": {
                "biomes": "fathoms:rocky_waters"
              }
            }
          ]
        },
        {
          "type": "minecraft:group",
          "children": [
            {
              "type": "minecraft:item",
              "name": "minecraft:raw_iron_block",
              "weight": 4
            },
            {
              "type": "minecraft:item",
              "name": "minecraft:raw_gold_block",
              "weight": 2
            },
            {
              "type": "minecraft:item",
              "name": "minecraft:coal_block",
              "weight": 4
            }
          ],
          "conditions": [
            {
              "condition": "minecraft:location_check",
              "predicate": {
                "biomes": "#fathoms:is_ocean"
              }
            }
          ]
        },
        {
          "type": "minecraft:group",
          "children": [
            {
              "type": "minecraft:item",
              "name": "minecraft:raw_iron_block",
              "weight": 4
            },
            {
              "type": "minecraft:item",
              "name": "minecraft:raw_copper_block",
              "weight": 6
            }
          ],
          "conditions": [
            {
              "condition": "minecraft:location_check",
              "predicate": {
                "biomes": "#minecraft:is_river"
              }
            }
          ]
        },
        {
          "type": "minecraft:group",
          "children": [
            {
              "type": "minecraft:item",
              "name": "minecraft:coarse_dirt",
              "weight": 5
            },
            {
              "type": "minecraft:item",
              "name": "minecraft:gravel",
              "weight": 5
            }
          ],
          "conditions": [
            {
              "condition": "minecraft:inverted",
              "term": {
                "condition": "minecraft:location_check",
                "predicate": {
                  "biomes": "#fathoms:valid_dredging_biome"
                }
              }
            }
          ]
        }
      ]
    }
  ]
}