{
  "pools": [
    {
      "rolls": 1,
      "bonus_rolls": 0,
      "entries": [
        {
          "type": "minecraft:loot_table",
          "value": "minecraft:gameplay/fishing/fish",
          "weight": 50
        },
        {
          "type": "minecraft:loot_table",
          "value": "fathoms:gameplay/fishing/aberration",
          "weight": 2
        },
        {
          "type": "minecraft:loot_table",
          "value": "fathoms:gameplay/fishing/aberration",
          "weight": 1,
          "conditions": [
            {
              "condition": "minecraft:time_check",
              "value": {
                "min": 13000,
                "max": 24000
              },
              "period": 24000
            }
          ]
        }
      ]
    }
  ]
}