[
  {
    "function": "minecraft:set_components",
    "components": {
      "minecraft:custom_model_data": {
        "strings": [
          "default",
          "default"
        ]
      }
    }
  },
  {
    "function": "minecraft:set_custom_model_data",
    "strings": {
      "values": [
        "hurt"
      ],
      "mode": "replace_section",
      "offset": 0
    },
    "conditions": [
      {
        "condition": "minecraft:reference",
        "name": "thallium:entity_properties/hurt/true"
      }
    ]
  },
  {
    "function": "minecraft:set_custom_model_data",
    "strings": {
      "values": [
        "walking"
      ],
      "mode": "replace_section",
      "offset": 1
    },
    "conditions": [
      {
        "condition": "minecraft:all_of",
        "terms": [
          {
            "condition": "minecraft:reference",
            "name": "thallium:entity_properties/walking"
          }
        ]
      }
    ]
  }
]
