{
  "type": "minecraft:multi_action",
  "title": {
    "translate": "ui.fathoms.menu"
  },
  "external_title": {
    "translate": "ui.fathoms.title"
  },
  "body": [
    {
      "type": "minecraft:plain_message",
      "contents": {
        "translate": "ui.thallium.not_paused"
      }
    },
    {
      "type": "minecraft:plain_message",
      "contents": ""
    }
  ],
  "pause": false,
  "after_action": "none",
  "columns": 2,
  "actions": [
    {
      "label": {
        "translate": "ui.thallium.credits"
      },
      "action": {
        "type": "show_dialog",
        "dialog": "fathoms:credits"
      }
    },
    {
      "label": {
        "translate": "gui.stats"
      },
      "action": {
        "type": "run_command",
        "command": "trigger _fathoms.menu set 2"
      }
    }
  ]
}