{
  "type": "minecraft:generic",
  "pools": [
    {
      "rolls": 1,
      "entries": [
        {
          "type": "minecraft:item",
          "name": "minecraft:map"
        }
      ],
      "functions": [
        {
          "function": "minecraft:exploration_map",
          "destination": "fathoms:on_rocky_waters_nautical_maps",
          "decoration": "minecraft:banner_gray",
          "zoom": 1,
          "skip_existing_chunks": true
        },
        {
          "function": "minecraft:set_components",
          "components": {
            "minecraft:item_name": {
              "translate": "item.fathoms.rocky_waters_map"
            },
            "minecraft:lore": [
              [
                {
                  "text": "0 ",
                  "color": "white",
                  "font": "fathoms:icon",
                  "italic": false
                },
                {
                  "translate": "ui.fathoms.title",
                  "color": "white",
                  "font": "fathoms:tooltip",
                  "italic": false
                }
              ]
            ],
            "minecraft:custom_data": {
              "fathoms": {
                "id": "nautical_map"
              }
            },
            "minecraft:item_model": "fathoms:nautical_map",
            "minecraft:tooltip_style": "fathoms:fathoms",
            "minecraft:rarity": "uncommon"
          }
        }
      ]
    }
  ]
}