{
    "condition": "minecraft:any_of",
    "terms": [
      {
        "condition": "minecraft:location_check",
        "predicate": {
          "can_see_sky": true
        }
      },
      {
        "condition": "minecraft:location_check",
        "offsetX": 1,
        "predicate": {
          "can_see_sky": true
        }
      },
      {
        "condition": "minecraft:location_check",
        "offsetX": -1,
        "predicate": {
          "can_see_sky": true
        }
      },
      {
        "condition": "minecraft:location_check",
        "offsetZ": 1,
        "predicate": {
          "can_see_sky": true
        }
      },
      {
        "condition": "minecraft:location_check",
        "offsetZ": -1,
        "predicate": {
          "can_see_sky": true
        }
      }
    ]
  }