{
  "type": "minecraft:generic",
  "pools": [
    {
      "rolls": 1,
      "entries": [
        {
          "type": "minecraft:item",
          "name": "minecraft:iron_nugget",
          "weight": 50,
          "functions": [
            {
              "function": "minecraft:set_count",
              "count": {
                "min": 1,
                "max": 3
              }
            }
          ]
        },
        {
          "type": "minecraft:item",
          "name": "minecraft:gold_nugget",
          "weight": 50,
          "functions": [
            {
              "function": "minecraft:set_count",
              "count": {
                "min": 1,
                "max": 3
              }
            }
          ]
        },
        {
          "type": "minecraft:item",
          "name": "minecraft:emerald",
          "weight": 50
        },
        {
          "type": "minecraft:item",
          "name": "minecraft:prismarine_crystals",
          "weight": 50
        },
        {
          "type": "minecraft:item",
          "name": "minecraft:diamond",
          "weight": 2
        }
      ],
      "conditions": [
        {
          "condition": "minecraft:any_of",
          "terms": [
            {
              "condition": "minecraft:all_of",
              "terms": [
                {
                  "condition": "minecraft:random_chance",
                  "chance": 0.05
                },
                {
                  "condition": "minecraft:value_check",
                  "value": {
                    "type": "minecraft:score",
                    "target": {
                      "type": "minecraft:fixed",
                      "name": "#fathoms.increased_bonus_drops"
                    },
                    "score": "fathoms.dummy"
                  },
                  "range": 0
                }
              ]
            },
            {
              "condition": "minecraft:all_of",
              "terms": [
                {
                  "condition": "minecraft:random_chance",
                  "chance": 0.1
                },
                {
                  "condition": "minecraft:value_check",
                  "value": {
                    "type": "minecraft:score",
                    "target": {
                      "type": "minecraft:fixed",
                      "name": "#fathoms.increased_bonus_drops"
                    },
                    "score": "fathoms.dummy"
                  },
                  "range": 1
                }
              ]
            }
          ]
        }
      ]
    },
    {
      "rolls": 1,
      "entries": [
        {
          "type": "minecraft:loot_table",
          "value": "fathoms:items/sunken_key",
          "conditions": [
            {
              "condition": "minecraft:any_of",
              "terms": [
                {
                  "condition": "minecraft:all_of",
                  "terms": [
                    {
                      "condition": "minecraft:random_chance",
                      "chance": 0.02
                    },
                    {
                      "condition": "minecraft:value_check",
                      "value": {
                        "type": "minecraft:score",
                        "target": {
                          "type": "minecraft:fixed",
                          "name": "#fathoms.increased_bonus_drops"
                        },
                        "score": "fathoms.dummy"
                      },
                      "range": 0
                    }
                  ]
                },
                {
                  "condition": "minecraft:all_of",
                  "terms": [
                    {
                      "condition": "minecraft:random_chance",
                      "chance": 0.04
                    },
                    {
                      "condition": "minecraft:value_check",
                      "value": {
                        "type": "minecraft:score",
                        "target": {
                          "type": "minecraft:fixed",
                          "name": "#fathoms.increased_bonus_drops"
                        },
                        "score": "fathoms.dummy"
                      },
                      "range": 1
                    }
                  ]
                }
              ]
            }
          ]
        }
      ]
    }
  ]
}