{
  "type": "minecraft:fishing",
  "pools": [
    {
      "rolls": 1,
      "bonus_rolls": 0,
      "entries": [
        {
          "type": "minecraft:loot_table",
          "value": "minecraft:gameplay/fishing/fish",
          "weight": 50,
          "quality": -1
        },
        {
          "type": "minecraft:loot_table",
          "value": "minecraft:gameplay/fishing/fish",
          "weight": 20,
          "quality": -1,
          "conditions": [
            {
              "condition": "minecraft:entity_properties",
              "entity": "this",
              "predicate": {
                "predicates": {
                  "minecraft:custom_data": {
                    "fathoms": {
                      "bait": "sugar_bait"
                    }
                  }
                }
              }
            }
          ]
        },
        {
          "type": "minecraft:loot_table",
          "value": "minecraft:gameplay/fishing/fish",
          "weight": 10,
          "quality": -1,
          "conditions": [
            {
              "condition": "minecraft:entity_properties",
              "entity": "this",
              "predicate": {
                "predicates": {
                  "minecraft:custom_data": {
                    "fathoms": {
                      "bait": "minnow"
                    }
                  }
                }
              }
            }
          ]
        },
        {
          "type": "minecraft:loot_table",
          "value": "fathoms:gameplay/fishing/aberration",
          "weight": 2,
          "quality": 1
        },
        {
          "type": "minecraft:loot_table",
          "value": "fathoms:gameplay/fishing/aberration",
          "weight": 2,
          "quality": 1,
          "conditions": [
            {
              "condition": "minecraft:reference",
              "name": "thallium:time_check/night"
            }
          ]
        },
        {
          "type": "minecraft:loot_table",
          "value": "fathoms:gameplay/fishing/aberration",
          "weight": 10,
          "quality": 1,
          "conditions": [
            {
              "condition": "minecraft:entity_properties",
              "entity": "this",
              "predicate": {
                "predicates": {
                  "minecraft:custom_data": {
                    "fathoms": {
                      "bait": "anglure"
                    }
                  }
                }
              }
            }
          ]
        },
        {
          "type": "minecraft:loot_table",
          "value": "fathoms:gameplay/fishing/aberration",
          "weight": 5,
          "quality": 1,
          "conditions": [
            {
              "condition": "minecraft:entity_properties",
              "entity": "this",
              "predicate": {
                "predicates": {
                  "minecraft:custom_data": {
                    "fathoms": {
                      "bait": "ghost_shrimp"
                    }
                  }
                }
              }
            }
          ]
        },
        {
          "type": "minecraft:loot_table",
          "value": "fathoms:gameplay/fishing/aberration",
          "weight": 5,
          "quality": 1,
          "conditions": [
            {
              "condition": "minecraft:entity_properties",
              "entity": "this",
              "predicate": {
                "predicates": {
                  "minecraft:custom_data": {
                    "fathoms": {
                      "bait": "spider_minnow"
                    }
                  }
                }
              }
            }
          ]
        },
        {
          "type": "minecraft:loot_table",
          "value": "minecraft:gameplay/fishing/junk",
          "weight": 15,
          "quality": -2,
          "conditions": [
            {
              "condition": "minecraft:inverted",
              "term": {
                "condition": "minecraft:reference",
                "name": "fathoms:entity_properties/fishing_bobber/bait/no_junk"
              }
            },
            {
              "condition": "minecraft:inverted",
              "term": {
                "condition": "minecraft:location_check",
                "predicate": {
                  "biomes": "fathoms:ancient_reservoir"
                }
              }
            }
          ]
        },
        {
          "type": "minecraft:loot_table",
          "value": "minecraft:gameplay/fishing/treasure",
          "weight": 2,
          "quality": 2,
          "conditions": [
            {
              "condition": "minecraft:location_check",
              "predicate": {
                "biomes": "#fathoms:fishing/has_treasure"
              }
            },
            {
              "condition": "minecraft:entity_properties",
              "entity": "this",
              "predicate": {
                "type_specific": {
                  "type": "minecraft:fishing_hook",
                  "in_open_water": true
                }
              }
            }
          ]
        },
        {
          "type": "minecraft:loot_table",
          "value": "fathoms:gameplay/fishing/mineral",
          "weight": 100,
          "quality": 2,
          "conditions": [
            {
              "condition": "minecraft:location_check",
              "predicate": {
                "biomes": "#fathoms:fishing/has_mineral"
              }
            },
            {
              "condition": "minecraft:entity_properties",
              "entity": "this",
              "predicate": {
                "predicates": {
                  "minecraft:custom_data": {
                    "fathoms": {
                      "bait": "bejeweled_magnet"
                    }
                  }
                }
              }
            }
          ]
        }
      ]
    }
  ],
  "random_sequence": "minecraft:gameplay/fishing",
  "__smithed__": [
    {
      "type": "replace",
      "target": "pools",
      "source": {
        "type": "reference",
        "path": "pools"
      },
      "priority": {
        "stage": "late"
      }
    }
  ]
}